[2026-04-21T16:57:59.135] [DEBUG] debug-file - env: nodejsVersion=v18.20.1
[2026-04-21T16:57:59.799] [DEBUG] debug-file - Hvigor init with startParameters:{
  hvigorfileTypeCheck: false,
  parallelExecution: true,
  incrementalExecution: true,
  printStackTrace: false,
  daemon: false,
  analyze: 0,
  logLevel: Level { level: 20000, levelStr: 'INFO', colour: 'green' },
  optimizationStrategy: 'memory',
  hotCompile: undefined,
  hotReloadBuild: undefined,
  customizedParam: undefined
}
[2026-04-21T16:58:02.818] [DEBUG] debug-file - hvigorfile, require result:  { default: { system: [Function: appTasks], plugins: [] } }
[2026-04-21T16:58:02.821] [DEBUG] debug-file - Starting plugin build process
[2026-04-21T16:58:03.088] [DEBUG] debug-file - Start initialize project's product build option map with build mode debug.
[2026-04-21T16:58:03.094] [DEBUG] debug-file - Obtain build option for product 'default'in this build.
[2026-04-21T16:58:03.115] [DEBUG] debug-file - Start recording SDK configuration permission data.
[2026-04-21T16:58:03.085] [DEBUG] debug-file - App plugin register hook start...
[2026-04-21T16:58:03.176] [DEBUG] debug-file - Project task initialization takes 9 ms 
[2026-04-21T16:58:03.188] [DEBUG] debug-file - failed to load cangjie to dynamically generate schemas: Error: Cannot find module '@ohos/cangjie-build-support/index'
Require stack:
- D:\2\DevEco Studio\tools\hvigor\hvigor-ohos-plugin\src\plugin\hooks\cangjie-register.js
- D:\2\DevEco Studio\tools\hvigor\hvigor-ohos-plugin\src\plugin\strategy\stage-init-strategy.js
- D:\2\DevEco Studio\tools\hvigor\hvigor-ohos-plugin\src\plugin\builder\abstract-plugin-builder.js
- D:\2\DevEco Studio\tools\hvigor\hvigor-ohos-plugin\src\plugin\builder\app-plugin-builder.js
- D:\2\DevEco Studio\tools\hvigor\hvigor-ohos-plugin\src\plugin\factory\plugin-factory.js
- D:\2\DevEco Studio\tools\hvigor\hvigor-ohos-plugin\index.js
- D:\code\DecodePlayControl-master\hvigorfile.ts
- D:\2\DevEco Studio\tools\hvigor\hvigor\src\base\internal\lifecycle\configuration.js
- D:\2\DevEco Studio\tools\hvigor\hvigor\src\base\boot\index.js
- D:\2\DevEco Studio\tools\hvigor\hvigor\src\cli\main\cli.js
- D:\2\DevEco Studio\tools\hvigor\hvigor\bin\hvigor.js
[2026-04-21T16:58:03.212] [DEBUG] debug-file - Start initialize module-target build option map, moduleName=entry, buildMode=debug
[2026-04-21T16:58:03.225] [DEBUG] debug-file - project has submodules:entry
[2026-04-21T16:58:03.227] [DEBUG] debug-file - start to load updatedOhPackageInfo to the disk
[2026-04-21T16:58:03.260] [DEBUG] debug-file - Start to initialize dependency information.
[2026-04-21T16:57:59.138] [DEBUG] debug-file - env: hvigor-config.json5 content = {
  modelVersion: '6.0.2',
  dependencies: {},
  execution: {},
  logging: {},
  debugging: {},
  nodeOptions: {}
}
[2026-04-21T16:58:03.275] [DEBUG] debug-file - entry : clean cost memory 0.10845184326171875
[2026-04-21T16:57:59.799] [DEBUG] debug-file - Since current hvigor version 6.22.4 differs from last hvigor version 
      undefined, delete file-cache.json and task-cache.json.
[2026-04-21T16:58:03.310] [DEBUG] debug-file - Create  resident worker with id: 0.
[2026-04-21T16:58:02.818] [DEBUG] debug-file - hvigorfile, binding system plugins [Function: appTasks]
[2026-04-21T16:58:02.821] [DEBUG] debug-file - App plugin prepare start...
[2026-04-21T16:58:03.088] [DEBUG] debug-file - Picking option from product 'default' with build mode 'debug'.
[2026-04-21T16:58:03.095] [DEBUG] debug-file - not found resModel json file in : D:\code\DecodePlayControl-master\entry\src\ohosTest\module.json5
[2026-04-21T16:58:03.165] [DEBUG] debug-file - Sdk init in 60 ms 
[2026-04-21T16:58:03.085] [DEBUG] debug-file - App plugin register hook end...
[2026-04-21T16:58:03.176] [DEBUG] debug-file - hvigorfile, binding custom plugins []
[2026-04-21T16:58:03.213] [DEBUG] debug-file - Target 'default' config initialized
[2026-04-21T16:58:03.254] [DEBUG] debug-file - load to the disk finished
[2026-04-21T16:58:03.266] [DEBUG] debug-file - Module entry Collected Dependency: D:\code\DecodePlayControl-master\entry\src\main\cpp\types\libplayer
[2026-04-21T16:57:59.141] [DEBUG] debug-file - env: daemon=false
[2026-04-21T16:58:03.275] [DEBUG] debug-file - runTaskFromQueue task cost before running: 3 s 492 ms 
[2026-04-21T16:57:59.800] [DEBUG] debug-file - Cache service initialization finished in 1 ms 
[2026-04-21T16:58:03.314] [DEBUG] debug-file - Create  resident worker with id: 1.
[2026-04-21T16:58:02.821] [DEBUG] debug-file - App plugin prepare end...
[2026-04-21T16:58:03.089] [DEBUG] debug-file - Product 'default' build option initialized
[2026-04-21T16:58:03.103] [DEBUG] debug-file - No signingConfig found, initRemoteHspCache failed.
[2026-04-21T16:58:03.085] [DEBUG] debug-file - Plugin build process completed
[2026-04-21T16:58:03.176] [DEBUG] debug-file - hvigorfile, no custom plugins were found in D:\code\DecodePlayControl-master\hvigorfile.ts
[2026-04-21T16:58:03.214] [DEBUG] debug-file - Target 'ohosTest' config initialized
[2026-04-21T16:58:03.255] [DEBUG] debug-file - Start to initialize dependency information.
[2026-04-21T16:58:03.266] [DEBUG] debug-file - Module entry's total dependency: 1
[2026-04-21T16:57:59.141] [DEBUG] debug-file - no-daemon, use the parent process.execArgv --max-old-space-size=8192,--max-semi-space-size=16,--expose-gc
[2026-04-21T16:58:03.277] [INFO] debug-file - Finished :entry:clean... after 3 ms 
[2026-04-21T16:57:59.802] [DEBUG] debug-file - hvigorfile, resolving D:\code\DecodePlayControl-master\hvigorfile.ts
[2026-04-21T16:58:03.317] [DEBUG] debug-file - Current worker pool is stopped or closed.
[2026-04-21T16:58:02.821] [DEBUG] debug-file - App plugin creating...
[2026-04-21T16:58:03.089] [DEBUG] debug-file - End initialize project's product build option map with build mode 'debug'.
[2026-04-21T16:58:03.106] [DEBUG] debug-file - Local scan or download HarmonyOS sdk components toolchains,ets,js,native,previewer
[2026-04-21T16:58:03.176] [DEBUG] debug-file - hvigorfile, resolve finished D:\code\DecodePlayControl-master\hvigorfile.ts
[2026-04-21T16:58:03.214] [DEBUG] debug-file - Module 'entry' target 'default' build option initialized
[2026-04-21T16:58:03.258] [DEBUG] debug-file - Module DecodePlayControl-master Collected Dependency: 
[2026-04-21T16:58:03.270] [DEBUG] debug-file - Configuration phase cost:3 s 470 ms 
[2026-04-21T16:58:03.277] [DEBUG] debug-file - Executing task ::clean
[2026-04-21T16:58:03.318] [DEBUG] debug-file - Clear worker 0.
[2026-04-21T16:58:03.110] [DEBUG] debug-file - Local scan or download hmscore sdk components toolchains,ets,native
[2026-04-21T16:58:03.177] [DEBUG] debug-file - hvigorfile, resolving D:\code\DecodePlayControl-master\entry\hvigorfile.ts
[2026-04-21T16:58:03.214] [DEBUG] debug-file - Module 'entry' target 'ohosTest' build option initialized
[2026-04-21T16:58:03.258] [DEBUG] debug-file - Module DecodePlayControl-master's total dependency: 0
[2026-04-21T16:58:03.272] [DEBUG] debug-file - Configuration task cost before running: 3 s 489 ms 
[2026-04-21T16:58:03.277] [DEBUG] debug-file - clean: Worker pool is inactive.
[2026-04-21T16:58:03.318] [DEBUG] debug-file - Worker 0 has been cleared.
[2026-04-21T16:58:03.186] [DEBUG] debug-file - hvigorfile, require result:  { default: { system: [Function: hapTasks], plugins: [] } }
[2026-04-21T16:58:03.214] [DEBUG] debug-file - End initialize module-target build option map, moduleName=entry
[2026-04-21T16:58:03.273] [DEBUG] debug-file - Executing task :entry:clean
[2026-04-21T16:58:03.277] [DEBUG] debug-file - DecodePlayControl-master : clean cost memory 0.01970672607421875
[2026-04-21T16:58:03.318] [DEBUG] debug-file - Current idle worker size: 1.
[2026-04-21T16:58:03.186] [DEBUG] debug-file - hvigorfile, binding system plugins [Function: hapTasks]
[2026-04-21T16:58:03.214] [DEBUG] debug-file - Start initialize module-target build option map, moduleName=entry, buildMode=release
[2026-04-21T16:58:03.273] [DEBUG] debug-file - clean: Worker pool is inactive.
[2026-04-21T16:58:03.277] [DEBUG] debug-file - runTaskFromQueue task cost before running: 3 s 494 ms 
[2026-04-21T16:58:03.318] [DEBUG] debug-file - Current busy worker size: 0.
[2026-04-21T16:58:03.214] [DEBUG] debug-file - Target 'default' config initialized
[2026-04-21T16:58:03.186] [DEBUG] debug-file - Starting plugin build process
[2026-04-21T16:58:03.318] [DEBUG] debug-file - Clear worker 1.
[2026-04-21T16:58:03.278] [INFO] debug-file - Finished ::clean... after 1 ms 
[2026-04-21T16:58:03.215] [DEBUG] debug-file - Target 'ohosTest' config initialized
[2026-04-21T16:58:03.186] [DEBUG] debug-file - Hap plugin creating...
[2026-04-21T16:58:03.318] [DEBUG] debug-file - Worker 1 has been cleared.
[2026-04-21T16:58:03.278] [DEBUG] debug-file - Executing task :entry:init
[2026-04-21T16:58:03.216] [DEBUG] debug-file - Module 'entry' target 'default' build option initialized
[2026-04-21T16:58:03.318] [DEBUG] debug-file - Current idle worker size: 0.
[2026-04-21T16:58:03.278] [DEBUG] debug-file - entry : init cost memory 0.01265716552734375
[2026-04-21T16:58:03.216] [DEBUG] debug-file - Module 'entry' target 'ohosTest' build option initialized
[2026-04-21T16:58:03.318] [DEBUG] debug-file - Current busy worker size: 0.
[2026-04-21T16:58:03.278] [DEBUG] debug-file - runTaskFromQueue task cost before running: 3 s 495 ms 
[2026-04-21T16:58:03.216] [DEBUG] debug-file - End initialize module-target build option map, moduleName=entry
[2026-04-21T16:58:03.319] [DEBUG] debug-file - hvigor build process will be closed.
[2026-04-21T16:58:03.216] [DEBUG] debug-file - Start initialize module-target build option map, moduleName=entry, buildMode=debug
[2026-04-21T16:58:03.279] [INFO] debug-file - Finished :entry:init... after 1 ms 
[2026-04-21T16:58:03.324] [DEBUG] debug-file - worker[0] exits with exit code 0.
[2026-04-21T16:58:03.216] [DEBUG] debug-file - Target 'default' config initialized
[2026-04-21T16:58:03.279] [DEBUG] debug-file - Executing task ::init
[2026-04-21T16:58:03.326] [DEBUG] debug-file - worker[1] exits with exit code 0.
[2026-04-21T16:58:03.216] [DEBUG] debug-file - Target 'ohosTest' config initialized
[2026-04-21T16:58:03.279] [DEBUG] debug-file - DecodePlayControl-master : init cost memory 0.01143646240234375
[2026-04-21T16:58:03.330] [DEBUG] debug-file - Current worker pool is terminated.
[2026-04-21T16:58:03.216] [DEBUG] debug-file - Module 'entry' target 'default' build option initialized
[2026-04-21T16:58:03.279] [DEBUG] debug-file - runTaskFromQueue task cost before running: 3 s 496 ms 
[2026-04-21T16:58:03.217] [DEBUG] debug-file - Module 'entry' target 'ohosTest' build option initialized
[2026-04-21T16:58:03.279] [INFO] debug-file - Finished ::init... after 1 ms 
[2026-04-21T16:58:03.217] [DEBUG] debug-file - End initialize module-target build option map, moduleName=entry
[2026-04-21T16:58:03.291] [DEBUG] debug-file - Obtain build option for module 'entry' target 'default'in this build.
[2026-04-21T16:58:03.217] [DEBUG] debug-file - Obtain build option for module 'entry' target 'default'in this build.
[2026-04-21T16:58:03.292] [DEBUG] debug-file - Obtain build option for module 'entry' target 'ohosTest'in this build.
[2026-04-21T16:58:03.223] [DEBUG] debug-file - Module entry task initialization takes 5 ms 
[2026-04-21T16:58:03.306] [DEBUG] debug-file - Since there is no instance or instance is terminated, create a new worker pool.
[2026-04-21T16:58:03.223] [DEBUG] debug-file - Hap plugin register hook start...
[2026-04-21T16:58:03.307] [DEBUG] debug-file - Worker pool is initialized with config:  {
  minPoolNum: 2,
  maxPoolNum: undefined,
  maxCoreSize: undefined,
  cacheCapacity: undefined,
  cacheTtl: undefined
}
[2026-04-21T16:58:03.223] [DEBUG] debug-file - Hap plugin register hook end...
[2026-04-21T16:58:03.223] [DEBUG] debug-file - Plugin build process completed
[2026-04-21T16:58:03.223] [DEBUG] debug-file - hvigorfile, binding custom plugins []
[2026-04-21T16:58:03.223] [DEBUG] debug-file - hvigorfile, no custom plugins were found in D:\code\DecodePlayControl-master\entry\hvigorfile.ts
[2026-04-21T16:58:03.223] [DEBUG] debug-file - hvigorfile, resolve finished D:\code\DecodePlayControl-master\entry\hvigorfile.ts
[2026-04-21T16:58:06.624] [DEBUG] debug-file - env: nodejsVersion=v18.20.1
[2026-04-21T16:58:06.747] [DEBUG] debug-file - env: daemon=true
[2026-04-21T16:58:06.626] [DEBUG] debug-file - env: hvigor-config.json5 content = {
  modelVersion: '6.0.2',
  dependencies: {},
  execution: {},
  logging: {},
  debugging: {},
  nodeOptions: {}
}
[2026-04-21T16:58:08.021] [DEBUG] debug-file - java daemon tryConnect failed Error: connect ECONNREFUSED 127.0.0.1:45050
[2026-04-21T16:58:08.043] [DEBUG] debug-file - java daemon started at port 45050 pid 4292
[2026-04-21T16:58:08.085] [DEBUG] debug-file - session manager: set active socket. socketId=1KscSQy6KNi8RrL0AAAB
[2026-04-21T16:58:09.501] [DEBUG] debug-file - watch worker: worker id should be larger than 0. Nothing will be sent to any worker thread.
[2026-04-21T16:58:09.508] [DEBUG] debug-file - Since there is no instance or instance is terminated, create a new worker pool.
[2026-04-21T16:58:09.509] [DEBUG] debug-file - Worker pool is initialized with config:  {
  minPoolNum: 2,
  maxPoolNum: undefined,
  maxCoreSize: undefined,
  cacheCapacity: undefined,
  cacheTtl: undefined
}
[2026-04-21T16:58:09.511] [DEBUG] debug-file - Create  resident worker with id: 0.
[2026-04-21T16:58:09.514] [DEBUG] debug-file - Create  resident worker with id: 1.
[2026-04-21T16:58:09.517] [DEBUG] debug-file - Workers' log level updated to INFO
[2026-04-21T16:58:09.529] [DEBUG] debug-file - Hvigor init with startParameters:{
  hvigorfileTypeCheck: false,
  parallelExecution: true,
  incrementalExecution: true,
  printStackTrace: false,
  daemon: true,
  analyze: 0,
  logLevel: Level { level: 20000, levelStr: 'INFO', colour: 'green' },
  optimizationStrategy: 'memory',
  hotCompile: undefined,
  hotReloadBuild: undefined,
  customizedParam: undefined
}
[2026-04-21T16:58:09.531] [DEBUG] debug-file - Cache service initialization finished in 2 ms 
[2026-04-21T16:58:09.534] [DEBUG] debug-file - hvigorfile, resolving D:\code\DecodePlayControl-master\hvigorfile.ts
[2026-04-21T16:58:12.353] [DEBUG] debug-file - hvigorfile, require result:  { default: { plugins: [] } }
[2026-04-21T16:58:12.354] [DEBUG] debug-file - hvigorfile, binding system plugins null
[2026-04-21T16:58:12.355] [DEBUG] debug-file - Starting plugin build process
[2026-04-21T16:58:12.355] [DEBUG] debug-file - App plugin prepare start...
[2026-04-21T16:58:12.355] [DEBUG] debug-file - App plugin prepare end...
[2026-04-21T16:58:12.356] [DEBUG] debug-file - App plugin creating...
[2026-04-21T16:58:12.627] [DEBUG] debug-file - App plugin register hook start...
[2026-04-21T16:58:12.628] [DEBUG] debug-file - App plugin register hook end...
[2026-04-21T16:58:12.628] [DEBUG] debug-file - Plugin build process completed
[2026-04-21T16:58:12.630] [DEBUG] debug-file - Start initialize project's product build option map with build mode debug.
[2026-04-21T16:58:12.630] [DEBUG] debug-file - Picking option from product 'default' with build mode 'debug'.
[2026-04-21T16:58:12.631] [DEBUG] debug-file - Product 'default' build option initialized
[2026-04-21T16:58:12.631] [DEBUG] debug-file - End initialize project's product build option map with build mode 'debug'.
[2026-04-21T16:58:12.633] [DEBUG] debug-file - Obtain build option for product 'default'in this build.
[2026-04-21T16:58:12.635] [DEBUG] debug-file - not found resModel json file in : D:\code\DecodePlayControl-master\entry\src\ohosTest\module.json5
[2026-04-21T16:58:12.643] [DEBUG] debug-file - No signingConfig found, initRemoteHspCache failed.
[2026-04-21T16:58:12.646] [DEBUG] debug-file - Local scan or download HarmonyOS sdk components toolchains,ets,js,native,previewer
[2026-04-21T16:58:12.650] [DEBUG] debug-file - Local scan or download hmscore sdk components toolchains,ets,native
[2026-04-21T16:58:12.653] [DEBUG] debug-file - Start recording SDK configuration permission data.
[2026-04-21T16:58:12.701] [DEBUG] debug-file - Sdk init in 58 ms 
[2026-04-21T16:58:12.713] [DEBUG] debug-file - Project task initialization takes 10 ms 
[2026-04-21T16:58:12.713] [DEBUG] debug-file - hvigorfile, binding custom plugins []
[2026-04-21T16:58:12.713] [DEBUG] debug-file - hvigorfile, no custom plugins were found in D:\code\DecodePlayControl-master\hvigorfile.ts
[2026-04-21T16:58:12.713] [DEBUG] debug-file - hvigorfile, resolve finished D:\code\DecodePlayControl-master\hvigorfile.ts
[2026-04-21T16:58:12.715] [DEBUG] debug-file - hvigorfile, resolving D:\code\DecodePlayControl-master\entry\hvigorfile.ts
[2026-04-21T16:58:12.727] [DEBUG] debug-file - hvigorfile, require result:  { default: { plugins: [] } }
[2026-04-21T16:58:12.727] [DEBUG] debug-file - hvigorfile, binding system plugins null
[2026-04-21T16:58:12.727] [DEBUG] debug-file - Starting plugin build process
[2026-04-21T16:58:12.727] [DEBUG] debug-file - Hap plugin creating...
[2026-04-21T16:58:12.731] [DEBUG] debug-file - failed to load cangjie to dynamically generate schemas: Error: Cannot find module '@ohos/cangjie-build-support/index'
Require stack:
- D:\2\DevEco Studio\tools\hvigor\hvigor-ohos-plugin\src\plugin\hooks\cangjie-register.js
- D:\2\DevEco Studio\tools\hvigor\hvigor-ohos-plugin\src\plugin\strategy\stage-init-strategy.js
- D:\2\DevEco Studio\tools\hvigor\hvigor-ohos-plugin\src\plugin\builder\abstract-plugin-builder.js
- D:\2\DevEco Studio\tools\hvigor\hvigor-ohos-plugin\src\plugin\builder\app-plugin-builder.js
- D:\2\DevEco Studio\tools\hvigor\hvigor-ohos-plugin\src\plugin\factory\plugin-factory.js
- D:\2\DevEco Studio\tools\hvigor\hvigor-ohos-plugin\index.js
- D:\code\DecodePlayControl-master\hvigorfile.ts
- D:\2\DevEco Studio\tools\hvigor\hvigor\src\base\internal\lifecycle\configuration.js
- D:\2\DevEco Studio\tools\hvigor\hvigor\src\base\boot\index.js
- D:\2\DevEco Studio\tools\hvigor\hvigor\src\base\daemon\cluster\worker-process-lifecycle.js
- D:\2\DevEco Studio\tools\hvigor\hvigor\src\base\daemon\process\daemon-process-boot-script.js
[2026-04-21T16:58:12.756] [DEBUG] debug-file - Start initialize module-target build option map, moduleName=entry, buildMode=debug
[2026-04-21T16:58:12.756] [DEBUG] debug-file - Target 'default' config initialized
[2026-04-21T16:58:12.758] [DEBUG] debug-file - Target 'ohosTest' config initialized
[2026-04-21T16:58:12.759] [DEBUG] debug-file - Module 'entry' target 'default' build option initialized
[2026-04-21T16:58:12.759] [DEBUG] debug-file - Module 'entry' target 'ohosTest' build option initialized
[2026-04-21T16:58:12.759] [DEBUG] debug-file - End initialize module-target build option map, moduleName=entry
[2026-04-21T16:58:12.759] [DEBUG] debug-file - Start initialize module-target build option map, moduleName=entry, buildMode=release
[2026-04-21T16:58:12.759] [DEBUG] debug-file - Target 'default' config initialized
[2026-04-21T16:58:12.761] [DEBUG] debug-file - Target 'ohosTest' config initialized
[2026-04-21T16:58:12.762] [DEBUG] debug-file - Module 'entry' target 'default' build option initialized
[2026-04-21T16:58:12.762] [DEBUG] debug-file - Module 'entry' target 'ohosTest' build option initialized
[2026-04-21T16:58:12.762] [DEBUG] debug-file - End initialize module-target build option map, moduleName=entry
[2026-04-21T16:58:12.762] [DEBUG] debug-file - Start initialize module-target build option map, moduleName=entry, buildMode=debug
[2026-04-21T16:58:12.762] [DEBUG] debug-file - Target 'default' config initialized
[2026-04-21T16:58:12.763] [DEBUG] debug-file - Target 'ohosTest' config initialized
[2026-04-21T16:58:12.764] [DEBUG] debug-file - Module 'entry' target 'default' build option initialized
[2026-04-21T16:58:12.764] [DEBUG] debug-file - Module 'entry' target 'ohosTest' build option initialized
[2026-04-21T16:58:12.764] [DEBUG] debug-file - End initialize module-target build option map, moduleName=entry
[2026-04-21T16:58:12.764] [DEBUG] debug-file - Obtain build option for module 'entry' target 'default'in this build.
[2026-04-21T16:58:12.774] [DEBUG] debug-file - Module entry task initialization takes 8 ms 
[2026-04-21T16:58:12.774] [DEBUG] debug-file - Hap plugin register hook start...
[2026-04-21T16:58:12.774] [DEBUG] debug-file - Hap plugin register hook end...
[2026-04-21T16:58:12.774] [DEBUG] debug-file - Plugin build process completed
[2026-04-21T16:58:12.774] [DEBUG] debug-file - hvigorfile, binding custom plugins []
[2026-04-21T16:58:12.774] [DEBUG] debug-file - hvigorfile, no custom plugins were found in D:\code\DecodePlayControl-master\entry\hvigorfile.ts
[2026-04-21T16:58:12.774] [DEBUG] debug-file - hvigorfile, resolve finished D:\code\DecodePlayControl-master\entry\hvigorfile.ts
[2026-04-21T16:58:12.810] [DEBUG] debug-file - hvigorfile, resolve hvigorfile dependencies in 35 ms 
[2026-04-21T16:58:12.810] [DEBUG] debug-file - project has submodules:entry
[2026-04-21T16:58:12.813] [DEBUG] debug-file - start to load updatedOhPackageInfo to the disk
[2026-04-21T16:58:12.822] [DEBUG] debug-file - load to the disk finished
[2026-04-21T16:58:12.823] [DEBUG] debug-file - Start to initialize dependency information.
[2026-04-21T16:58:12.826] [DEBUG] debug-file - Module DecodePlayControl-master Collected Dependency: 
[2026-04-21T16:58:12.826] [DEBUG] debug-file - Module DecodePlayControl-master's total dependency: 0
[2026-04-21T16:58:12.828] [DEBUG] debug-file - Start to initialize dependency information.
[2026-04-21T16:58:12.838] [DEBUG] debug-file - Module entry Collected Dependency: D:\code\DecodePlayControl-master\entry\src\main\cpp\types\libplayer
[2026-04-21T16:58:12.838] [DEBUG] debug-file - Module entry's total dependency: 1
[2026-04-21T16:58:12.844] [DEBUG] debug-file - Configuration phase cost:3 s 313 ms 
[2026-04-21T16:58:12.849] [DEBUG] debug-file - Configuration task cost before running: 3 s 331 ms 
[2026-04-21T16:58:12.861] [DEBUG] debug-file - Executing task :entry:default@PreBuild
[2026-04-21T16:58:12.864] [DEBUG] debug-file - Task 'entry:default@PreBuild' cost while wrapping incremental declarations: 1 ms 
[2026-04-21T16:58:13.080] [DEBUG] debug-file - current product is not Atomic service.
[2026-04-21T16:58:13.081] [DEBUG] debug-file - Use tool [win32: JAVA_HOME, CLASSPATH]
 [
  { JAVA_HOME: 'D:\\2\\DevEco Studio\\jbr' },
  { CLASSPATH: undefined }
]
[2026-04-21T16:58:13.081] [DEBUG] debug-file - Use tool [win32: NODE_HOME]
 [ { NODE_HOME: 'D:\\2\\DevEco Studio\\tools\\node' } ]
[2026-04-21T16:58:13.082] [DEBUG] debug-file - entry : default@PreBuild cost memory 5.567131042480469
[2026-04-21T16:58:13.083] [DEBUG] debug-file - runTaskFromQueue task cost before running: 3 s 565 ms 
[2026-04-21T16:58:13.086] [INFO] debug-file - Finished :entry:default@PreBuild... after 222 ms 
[2026-04-21T16:58:13.088] [DEBUG] debug-file - Executing task :entry:default@ConfigureCmake
[2026-04-21T16:58:13.099] [DEBUG] debug-file - entry : default@ConfigureCmake cost memory 0.34984588623046875
[2026-04-21T16:58:13.099] [DEBUG] debug-file - runTaskFromQueue task cost before running: 3 s 581 ms 
[2026-04-21T16:58:13.099] [INFO] debug-file - Finished :entry:default@ConfigureCmake... after 11 ms 
[2026-04-21T16:58:13.101] [DEBUG] debug-file - Executing task :entry:default@BuildNativeWithCmake
[2026-04-21T16:58:13.105] [DEBUG] debug-file - Use tool [Cmake]
 [
  'D:\\2\\DevEco Studio\\sdk\\default\\openharmony\\native\\build-tools\\cmake\\bin\\cmake.exe',
  '-HD:\\code\\DecodePlayControl-master\\entry\\src\\main\\cpp',
  '-BD:\\code\\DecodePlayControl-master\\entry\\.cxx\\default\\default\\debug\\arm64-v8a',
  '-DOHOS_ARCH=arm64-v8a',
  '-DCMAKE_LIBRARY_OUTPUT_DIRECTORY=D:\\code\\DecodePlayControl-master\\entry\\build\\default\\intermediates\\cmake\\default\\obj\\arm64-v8a',
  '-DCMAKE_BUILD_TYPE=Debug',
  '-DOHOS_SDK_NATIVE=D:\\2\\DevEco Studio\\sdk\\default\\openharmony\\native',
  '-DCMAKE_SYSTEM_NAME=OHOS',
  '-DCMAKE_OHOS_ARCH_ABI=arm64-v8a',
  '-DCMAKE_EXPORT_COMPILE_COMMANDS=ON',
  '-DCMAKE_TOOLCHAIN_FILE=D:\\2\\DevEco Studio\\sdk\\default\\hms\\native\\build\\cmake\\hmos.toolchain.bisheng.cmake',
  '-GNinja',
  '-DCMAKE_MAKE_PROGRAM=D:\\2\\DevEco Studio\\sdk\\default\\openharmony\\native\\build-tools\\cmake\\bin\\ninja.exe',
  '-DCMAKE_FIND_ROOT_PATH=D:\\code\\DecodePlayControl-master\\entry\\.cxx\\default\\default\\debug\\hvigor\\arm64-v8a',
  '-DPACKAGE_FIND_FILE=D:\\code\\DecodePlayControl-master\\entry\\.cxx\\default\\default\\debug\\hvigor\\arm64-v8a\\summary.cmake',
  '--no-warn-unused-cli',
  '-DHMOS_SDK_NATIVE=D:\\2\\DevEco Studio\\sdk\\default\\hms\\native'
]
[2026-04-21T16:58:13.110] [DEBUG] debug-file - Clean CMakeCache.txt due to outdated CMake configuration.
[2026-04-21T16:58:13.111] [DEBUG] debug-file - - no fingerprint file, will remove stale cache CMakeCache.txt
[2026-04-21T16:58:13.114] [DEBUG] debug-file - default@BuildNativeWithCmake work[0] is submitted.
[2026-04-21T16:58:13.115] [DEBUG] debug-file - default@BuildNativeWithCmake work[0] is pushed to ready queue.
[2026-04-21T16:58:13.115] [DEBUG] debug-file - A work dispatched to worker[31] failed because unable to get work from ready queue.
[2026-04-21T16:58:13.115] [DEBUG] debug-file - Create  resident worker with id: 30.
[2026-04-21T16:58:13.117] [DEBUG] debug-file - default@BuildNativeWithCmake work[0] has been dispatched to worker[30].
[2026-04-21T16:58:13.117] [DEBUG] debug-file - default@BuildNativeWithCmake work[0] is dispatched.
[2026-04-21T16:58:13.118] [DEBUG] debug-file - Use tool [Cmake]
 [
  'D:\\2\\DevEco Studio\\sdk\\default\\openharmony\\native\\build-tools\\cmake\\bin\\cmake.exe',
  '-HD:\\code\\DecodePlayControl-master\\entry\\src\\main\\cpp',
  '-BD:\\code\\DecodePlayControl-master\\entry\\.cxx\\default\\default\\debug\\x86_64',
  '-DOHOS_ARCH=x86_64',
  '-DCMAKE_LIBRARY_OUTPUT_DIRECTORY=D:\\code\\DecodePlayControl-master\\entry\\build\\default\\intermediates\\cmake\\default\\obj\\x86_64',
  '-DCMAKE_BUILD_TYPE=Debug',
  '-DOHOS_SDK_NATIVE=D:\\2\\DevEco Studio\\sdk\\default\\openharmony\\native',
  '-DCMAKE_SYSTEM_NAME=OHOS',
  '-DCMAKE_OHOS_ARCH_ABI=x86_64',
  '-DCMAKE_EXPORT_COMPILE_COMMANDS=ON',
  '-DCMAKE_TOOLCHAIN_FILE=D:\\2\\DevEco Studio\\sdk\\default\\hms\\native\\build\\cmake\\hmos.toolchain.bisheng.cmake',
  '-GNinja',
  '-DCMAKE_MAKE_PROGRAM=D:\\2\\DevEco Studio\\sdk\\default\\openharmony\\native\\build-tools\\cmake\\bin\\ninja.exe',
  '-DCMAKE_FIND_ROOT_PATH=D:\\code\\DecodePlayControl-master\\entry\\.cxx\\default\\default\\debug\\hvigor\\x86_64',
  '-DPACKAGE_FIND_FILE=D:\\code\\DecodePlayControl-master\\entry\\.cxx\\default\\default\\debug\\hvigor\\x86_64\\summary.cmake',
  '--no-warn-unused-cli',
  '-DHMOS_SDK_NATIVE=D:\\2\\DevEco Studio\\sdk\\default\\hms\\native'
]
[2026-04-21T16:58:13.122] [DEBUG] debug-file - Clean CMakeCache.txt due to outdated CMake configuration.
[2026-04-21T16:58:13.123] [DEBUG] debug-file - - no fingerprint file, will remove stale cache CMakeCache.txt
[2026-04-21T16:58:13.125] [DEBUG] debug-file - default@BuildNativeWithCmake work[1] is submitted.
[2026-04-21T16:58:13.126] [DEBUG] debug-file - default@BuildNativeWithCmake work[1] is pushed to ready queue.
[2026-04-21T16:58:13.126] [DEBUG] debug-file - A work dispatched to worker[31] failed because unable to get work from ready queue.
[2026-04-21T16:58:13.126] [DEBUG] debug-file - A work dispatched to worker[30] failed because of worker busy.
[2026-04-21T16:58:13.126] [DEBUG] debug-file - Create  resident worker with id: 29.
[2026-04-21T16:58:13.127] [DEBUG] debug-file - default@BuildNativeWithCmake work[1] has been dispatched to worker[29].
[2026-04-21T16:58:13.127] [DEBUG] debug-file - default@BuildNativeWithCmake work[1] is dispatched.
[2026-04-21T16:58:13.127] [DEBUG] debug-file - entry : default@BuildNativeWithCmake cost memory 0.7516250610351562
[2026-04-21T16:58:16.970] [DEBUG] debug-file - Not searching for unused variables given on the command line.

[2026-04-21T16:58:16.973] [DEBUG] debug-file - Not searching for unused variables given on the command line.

[2026-04-21T16:58:19.154] [DEBUG] debug-file - -- The C compiler identification is Clang 15.0.4

[2026-04-21T16:58:19.156] [DEBUG] debug-file - -- The C compiler identification is Clang 15.0.4

[2026-04-21T16:58:19.720] [DEBUG] debug-file - -- The CXX compiler identification is Clang 15.0.4

[2026-04-21T16:58:19.722] [DEBUG] debug-file - -- The CXX compiler identification is Clang 15.0.4

[2026-04-21T16:58:21.816] [DEBUG] debug-file - -- Detecting C compiler ABI info

[2026-04-21T16:58:21.816] [DEBUG] debug-file - -- Detecting C compiler ABI info

[2026-04-21T16:58:22.403] [DEBUG] debug-file - -- Detecting C compiler ABI info - done

[2026-04-21T16:58:22.406] [DEBUG] debug-file - -- Detecting C compiler ABI info - done

[2026-04-21T16:58:22.417] [DEBUG] debug-file - -- Check for working C compiler: D:/2/DevEco Studio/sdk/default/hms/native/BiSheng/bin/clang.exe - skipped

[2026-04-21T16:58:22.419] [DEBUG] debug-file - -- Detecting C compile features

[2026-04-21T16:58:22.420] [DEBUG] debug-file - -- Check for working C compiler: D:/2/DevEco Studio/sdk/default/hms/native/BiSheng/bin/clang.exe - skipped

[2026-04-21T16:58:22.420] [DEBUG] debug-file - -- Detecting C compile features - done

[2026-04-21T16:58:22.421] [DEBUG] debug-file - -- Detecting C compile features

[2026-04-21T16:58:22.422] [DEBUG] debug-file - -- Detecting C compile features - done

[2026-04-21T16:58:22.543] [DEBUG] debug-file - -- Detecting CXX compiler ABI info

[2026-04-21T16:58:22.543] [DEBUG] debug-file - -- Detecting CXX compiler ABI info

[2026-04-21T16:58:23.040] [DEBUG] debug-file - -- Detecting CXX compiler ABI info - done

[2026-04-21T16:58:23.041] [DEBUG] debug-file - -- Detecting CXX compiler ABI info - done

[2026-04-21T16:58:23.057] [DEBUG] debug-file - -- Check for working CXX compiler: D:/2/DevEco Studio/sdk/default/hms/native/BiSheng/bin/clang++.exe - skipped

[2026-04-21T16:58:23.057] [DEBUG] debug-file - -- Check for working CXX compiler: D:/2/DevEco Studio/sdk/default/hms/native/BiSheng/bin/clang++.exe - skipped

[2026-04-21T16:58:23.057] [DEBUG] debug-file - -- Detecting CXX compile features

[2026-04-21T16:58:23.058] [DEBUG] debug-file - -- Detecting CXX compile features

[2026-04-21T16:58:23.059] [DEBUG] debug-file - -- Detecting CXX compile features - done

[2026-04-21T16:58:23.060] [DEBUG] debug-file - -- Detecting CXX compile features - done

[2026-04-21T16:58:23.064] [DEBUG] debug-file - -- Configuring done (6.1s)

[2026-04-21T16:58:23.065] [DEBUG] debug-file - -- Configuring done (6.1s)

[2026-04-21T16:58:23.091] [DEBUG] debug-file - -- Generating done (0.0s)

[2026-04-21T16:58:23.090] [DEBUG] debug-file - -- Generating done (0.0s)

[2026-04-21T16:58:23.126] [DEBUG] debug-file - -- Build files have been written to: D:/code/DecodePlayControl-master/entry/.cxx/default/default/debug/x86_64

[2026-04-21T16:58:23.127] [DEBUG] debug-file - -- Build files have been written to: D:/code/DecodePlayControl-master/entry/.cxx/default/default/debug/arm64-v8a

[2026-04-21T16:58:23.137] [DEBUG] debug-file - worker[30] has one work done.
[2026-04-21T16:58:23.166] [DEBUG] debug-file - worker[29] has one work done.
[2026-04-21T16:58:23.211] [DEBUG] debug-file - default@BuildNativeWithCmake work[0] done.
[2026-04-21T16:58:23.211] [DEBUG] debug-file - A work dispatched to worker[30] failed because unable to get work from ready queue.
[2026-04-21T16:58:23.212] [DEBUG] debug-file - default@BuildNativeWithCmake work[1] done.
[2026-04-21T16:58:23.212] [DEBUG] debug-file - A work dispatched to worker[29] failed because unable to get work from ready queue.
[2026-04-21T16:58:23.213] [INFO] debug-file - Finished :entry:default@BuildNativeWithCmake... after 7 s 894 ms 
[2026-04-21T16:58:23.213] [DEBUG] debug-file - Executing task :entry:compileNative
[2026-04-21T16:58:23.214] [DEBUG] debug-file - entry : compileNative cost memory 0.01270294189453125
[2026-04-21T16:58:23.214] [DEBUG] debug-file - runTaskFromQueue task cost before running: 13 s 696 ms 
[2026-04-21T16:58:23.214] [INFO] debug-file - Finished :entry:compileNative... after 1 ms 
[2026-04-21T16:58:23.229] [INFO] debug-file - BUILD SUCCESSFUL in 13 s 710 ms 
[2026-04-21T16:58:23.231] [DEBUG] debug-file - Update task entry:default@PreBuild input file:D:\code\DecodePlayControl-master\AppScope\app.json5 cache by regenerate.
[2026-04-21T16:58:23.232] [DEBUG] debug-file - Update task entry:default@PreBuild input file:D:\code\DecodePlayControl-master\entry\src\main\module.json5 cache by regenerate.
[2026-04-21T16:58:23.232] [DEBUG] debug-file - Update task entry:default@PreBuild input file:D:\code\DecodePlayControl-master\build-profile.json5 cache by regenerate.
[2026-04-21T16:58:23.233] [DEBUG] debug-file - Update task entry:default@PreBuild input file:D:\code\DecodePlayControl-master\entry\build-profile.json5 cache by regenerate.
[2026-04-21T16:58:23.233] [DEBUG] debug-file - Update task entry:default@PreBuild input file:D:\code\DecodePlayControl-master\entry\src\main\resources\base\profile\main_pages.json cache by regenerate.
[2026-04-21T16:58:23.233] [DEBUG] debug-file - Update task entry:default@PreBuild input file:D:\code\DecodePlayControl-master\hvigor\hvigor-config.json5 cache by regenerate.
[2026-04-21T16:58:23.234] [DEBUG] debug-file - Update task entry:default@PreBuild input file:D:\code\DecodePlayControl-master\entry\oh-package.json5 cache by regenerate.
[2026-04-21T16:58:23.234] [DEBUG] debug-file - Update task entry:default@PreBuild input file:D:\code\DecodePlayControl-master\oh-package.json5 cache by regenerate.
[2026-04-21T16:58:23.235] [DEBUG] debug-file - Incremental task entry:default@PreBuild post-execution cost:6 ms .
[2026-04-21T16:58:23.261] [DEBUG] debug-file - Cleanup worker 0.
[2026-04-21T16:58:23.262] [DEBUG] debug-file - Worker 0 has been cleaned up.
[2026-04-21T16:58:23.262] [DEBUG] debug-file - Current idle worker size: 3.
[2026-04-21T16:58:23.262] [DEBUG] debug-file - Current resident worker size: 4.
[2026-04-21T16:58:23.262] [DEBUG] debug-file - Cleanup worker 1.
[2026-04-21T16:58:23.262] [DEBUG] debug-file - Worker 1 has been cleaned up.
[2026-04-21T16:58:23.262] [DEBUG] debug-file - Current idle worker size: 2.
[2026-04-21T16:58:23.263] [DEBUG] debug-file - Current resident worker size: 4.
[2026-04-21T16:58:23.265] [DEBUG] debug-file - hvigor build process will be closed.
[2026-04-21T16:58:23.271] [DEBUG] debug-file - session manager: send message to worker process.
[2026-04-21T16:58:23.271] [DEBUG] debug-file - session manager: send message to worker process.
[2026-04-21T16:58:23.268] [DEBUG] debug-file - worker[0] exits with exit code 1.
[2026-04-21T16:58:23.269] [DEBUG] debug-file - worker[1] exits with exit code 1.
[2026-04-21T16:58:23.270] [DEBUG] debug-file - watch worker: worker id should be larger than 0. Nothing will be sent to any worker thread.
[2026-04-21T16:58:23.271] [DEBUG] debug-file - watch worker: worker id should be larger than 0. Nothing will be sent to any worker thread.
[2026-04-21T16:59:11.607] [DEBUG] debug-file - session manager: set active socket. socketId=sTIC5OVfec8eh413AAAD
[2026-04-21T16:59:11.615] [DEBUG] debug-file - watch worker: worker id should be larger than 0. Nothing will be sent to any worker thread.
[2026-04-21T16:59:11.620] [DEBUG] debug-file - Workers' log level updated to INFO
[2026-04-21T16:59:11.625] [DEBUG] debug-file - Hvigor init with startParameters:{
  hvigorfileTypeCheck: false,
  parallelExecution: true,
  incrementalExecution: true,
  printStackTrace: false,
  daemon: true,
  analyze: 0,
  logLevel: Level { level: 20000, levelStr: 'INFO', colour: 'green' },
  optimizationStrategy: 'memory',
  hotCompile: undefined,
  hotReloadBuild: undefined,
  customizedParam: undefined
}
[2026-04-21T16:59:11.627] [DEBUG] debug-file - Cache service initialization finished in 3 ms 
[2026-04-21T16:59:11.629] [DEBUG] debug-file - hvigorfile, resolving D:\code\DecodePlayControl-master\hvigorfile.ts
[2026-04-21T16:59:11.641] [DEBUG] debug-file - hvigorfile, require result:  { default: { plugins: [] } }
[2026-04-21T16:59:11.641] [DEBUG] debug-file - hvigorfile, binding system plugins null
[2026-04-21T16:59:11.642] [DEBUG] debug-file - Starting plugin build process
[2026-04-21T16:59:11.642] [DEBUG] debug-file - App plugin prepare start...
[2026-04-21T16:59:11.642] [DEBUG] debug-file - App plugin prepare end...
[2026-04-21T16:59:11.642] [DEBUG] debug-file - App plugin creating...
[2026-04-21T16:59:11.649] [DEBUG] debug-file - App plugin register hook start...
[2026-04-21T16:59:11.649] [DEBUG] debug-file - App plugin register hook end...
[2026-04-21T16:59:11.649] [DEBUG] debug-file - Plugin build process completed
[2026-04-21T16:59:11.650] [DEBUG] debug-file - Start initialize project's product build option map with build mode debug.
[2026-04-21T16:59:11.650] [DEBUG] debug-file - Picking option from product 'default' with build mode 'debug'.
[2026-04-21T16:59:11.650] [DEBUG] debug-file - Product 'default' build option initialized
[2026-04-21T16:59:11.650] [DEBUG] debug-file - End initialize project's product build option map with build mode 'debug'.
[2026-04-21T16:59:11.651] [DEBUG] debug-file - Obtain build option for product 'default'in this build.
[2026-04-21T16:59:11.652] [DEBUG] debug-file - not found resModel json file in : D:\code\DecodePlayControl-master\entry\src\ohosTest\module.json5
[2026-04-21T16:59:11.655] [DEBUG] debug-file - No signingConfig found, initRemoteHspCache failed.
[2026-04-21T16:59:11.659] [DEBUG] debug-file - Start recording SDK configuration permission data.
[2026-04-21T16:59:11.700] [DEBUG] debug-file - Sdk init in 45 ms 
[2026-04-21T16:59:11.705] [DEBUG] debug-file - Project task initialization takes 5 ms 
[2026-04-21T16:59:11.705] [DEBUG] debug-file - hvigorfile, binding custom plugins []
[2026-04-21T16:59:11.705] [DEBUG] debug-file - hvigorfile, no custom plugins were found in D:\code\DecodePlayControl-master\hvigorfile.ts
[2026-04-21T16:59:11.705] [DEBUG] debug-file - hvigorfile, resolve finished D:\code\DecodePlayControl-master\hvigorfile.ts
[2026-04-21T16:59:11.706] [DEBUG] debug-file - hvigorfile, resolving D:\code\DecodePlayControl-master\entry\hvigorfile.ts
[2026-04-21T16:59:11.711] [DEBUG] debug-file - hvigorfile, require result:  { default: { plugins: [] } }
[2026-04-21T16:59:11.711] [DEBUG] debug-file - hvigorfile, binding system plugins null
[2026-04-21T16:59:11.711] [DEBUG] debug-file - Starting plugin build process
[2026-04-21T16:59:11.711] [DEBUG] debug-file - Hap plugin creating...
[2026-04-21T16:59:11.713] [DEBUG] debug-file - failed to load cangjie to dynamically generate schemas: Error: Cannot find module '@ohos/cangjie-build-support/index'
Require stack:
- D:\2\DevEco Studio\tools\hvigor\hvigor-ohos-plugin\src\plugin\hooks\cangjie-register.js
- D:\2\DevEco Studio\tools\hvigor\hvigor-ohos-plugin\src\plugin\strategy\stage-init-strategy.js
- D:\2\DevEco Studio\tools\hvigor\hvigor-ohos-plugin\src\plugin\builder\abstract-plugin-builder.js
- D:\2\DevEco Studio\tools\hvigor\hvigor-ohos-plugin\src\plugin\builder\app-plugin-builder.js
- D:\2\DevEco Studio\tools\hvigor\hvigor-ohos-plugin\src\plugin\factory\plugin-factory.js
- D:\2\DevEco Studio\tools\hvigor\hvigor-ohos-plugin\index.js
- D:\code\DecodePlayControl-master\hvigorfile.ts
- D:\2\DevEco Studio\tools\hvigor\hvigor\src\base\internal\lifecycle\configuration.js
- D:\2\DevEco Studio\tools\hvigor\hvigor\src\base\boot\index.js
- D:\2\DevEco Studio\tools\hvigor\hvigor\src\base\daemon\cluster\worker-process-lifecycle.js
- D:\2\DevEco Studio\tools\hvigor\hvigor\src\base\daemon\process\daemon-process-boot-script.js
[2026-04-21T16:59:11.717] [DEBUG] debug-file - Start initialize module-target build option map, moduleName=entry, buildMode=debug
[2026-04-21T16:59:11.717] [DEBUG] debug-file - Target 'default' config initialized
[2026-04-21T16:59:11.717] [DEBUG] debug-file - Target 'ohosTest' config initialized
[2026-04-21T16:59:11.718] [DEBUG] debug-file - Module 'entry' target 'default' build option initialized
[2026-04-21T16:59:11.718] [DEBUG] debug-file - Module 'entry' target 'ohosTest' build option initialized
[2026-04-21T16:59:11.718] [DEBUG] debug-file - End initialize module-target build option map, moduleName=entry
[2026-04-21T16:59:11.718] [DEBUG] debug-file - Start initialize module-target build option map, moduleName=entry, buildMode=release
[2026-04-21T16:59:11.718] [DEBUG] debug-file - Target 'default' config initialized
[2026-04-21T16:59:11.719] [DEBUG] debug-file - Target 'ohosTest' config initialized
[2026-04-21T16:59:11.720] [DEBUG] debug-file - Module 'entry' target 'default' build option initialized
[2026-04-21T16:59:11.720] [DEBUG] debug-file - Module 'entry' target 'ohosTest' build option initialized
[2026-04-21T16:59:11.720] [DEBUG] debug-file - End initialize module-target build option map, moduleName=entry
[2026-04-21T16:59:11.720] [DEBUG] debug-file - Start initialize module-target build option map, moduleName=entry, buildMode=debug
[2026-04-21T16:59:11.720] [DEBUG] debug-file - Target 'default' config initialized
[2026-04-21T16:59:11.721] [DEBUG] debug-file - Target 'ohosTest' config initialized
[2026-04-21T16:59:11.721] [DEBUG] debug-file - Module 'entry' target 'default' build option initialized
[2026-04-21T16:59:11.722] [DEBUG] debug-file - Module 'entry' target 'ohosTest' build option initialized
[2026-04-21T16:59:11.722] [DEBUG] debug-file - End initialize module-target build option map, moduleName=entry
[2026-04-21T16:59:11.722] [DEBUG] debug-file - Obtain build option for module 'entry' target 'default'in this build.
[2026-04-21T16:59:11.724] [DEBUG] debug-file - Module entry task initialization takes 2 ms 
[2026-04-21T16:59:11.724] [DEBUG] debug-file - Hap plugin register hook start...
[2026-04-21T16:59:11.724] [DEBUG] debug-file - Hap plugin register hook end...
[2026-04-21T16:59:11.724] [DEBUG] debug-file - Plugin build process completed
[2026-04-21T16:59:11.724] [DEBUG] debug-file - hvigorfile, binding custom plugins []
[2026-04-21T16:59:11.724] [DEBUG] debug-file - hvigorfile, no custom plugins were found in D:\code\DecodePlayControl-master\entry\hvigorfile.ts
[2026-04-21T16:59:11.725] [DEBUG] debug-file - hvigorfile, resolve finished D:\code\DecodePlayControl-master\entry\hvigorfile.ts
[2026-04-21T16:59:11.747] [DEBUG] debug-file - hvigorfile, resolve hvigorfile dependencies in 23 ms 
[2026-04-21T16:59:11.747] [DEBUG] debug-file - project has submodules:entry
[2026-04-21T16:59:11.749] [DEBUG] debug-file - start to load updatedOhPackageInfo to the disk
[2026-04-21T16:59:11.755] [DEBUG] debug-file - load to the disk finished
[2026-04-21T16:59:11.756] [DEBUG] debug-file - Start to initialize dependency information.
[2026-04-21T16:59:11.757] [DEBUG] debug-file - Module DecodePlayControl-master Collected Dependency: 
[2026-04-21T16:59:11.757] [DEBUG] debug-file - Module DecodePlayControl-master's total dependency: 0
[2026-04-21T16:59:11.758] [DEBUG] debug-file - Start to initialize dependency information.
[2026-04-21T16:59:11.763] [DEBUG] debug-file - Module entry Collected Dependency: D:\code\DecodePlayControl-master\entry\src\main\cpp\types\libplayer
[2026-04-21T16:59:11.763] [DEBUG] debug-file - Module entry's total dependency: 1
[2026-04-21T16:59:11.765] [DEBUG] debug-file - Configuration phase cost:138 ms 
[2026-04-21T16:59:11.767] [DEBUG] debug-file - Configuration task cost before running: 147 ms 
[2026-04-21T16:59:11.772] [DEBUG] debug-file - Executing task :entry:default@PreBuild
[2026-04-21T16:59:11.773] [DEBUG] debug-file - Task 'entry:default@PreBuild' cost while wrapping incremental declarations: 1 ms 
[2026-04-21T16:59:11.781] [DEBUG] debug-file - entry:default@PreBuild is not up-to-date, since the task snapshots are different.
[2026-04-21T16:59:11.781] [DEBUG] debug-file - Incremental task entry:default@PreBuild pre-execution cost: 7 ms .
[2026-04-21T16:59:11.787] [DEBUG] debug-file - current product is not Atomic service.
[2026-04-21T16:59:11.788] [DEBUG] debug-file - Use tool [win32: JAVA_HOME, CLASSPATH]
 [
  { JAVA_HOME: 'D:\\2\\DevEco Studio\\jbr' },
  { CLASSPATH: undefined }
]
[2026-04-21T16:59:11.788] [DEBUG] debug-file - Use tool [win32: NODE_HOME]
 [ { NODE_HOME: 'D:\\2\\DevEco Studio\\tools\\node' } ]
[2026-04-21T16:59:11.788] [DEBUG] debug-file - entry : default@PreBuild cost memory 0.938446044921875
[2026-04-21T16:59:11.788] [DEBUG] debug-file - runTaskFromQueue task cost before running: 168 ms 
[2026-04-21T16:59:11.791] [INFO] debug-file - Finished :entry:default@PreBuild... after 17 ms 
[2026-04-21T16:59:11.793] [DEBUG] debug-file - Executing task :entry:default@CreateModuleInfo
[2026-04-21T16:59:11.793] [DEBUG] debug-file - Task 'entry:default@CreateModuleInfo' cost while wrapping incremental declarations: 1 ms 
[2026-04-21T16:59:11.794] [DEBUG] debug-file - entry : default@CreateModuleInfo cost memory 0.04181671142578125
[2026-04-21T16:59:11.794] [DEBUG] debug-file - runTaskFromQueue task cost before running: 174 ms 
[2026-04-21T16:59:11.794] [INFO] debug-file - Finished :entry:default@CreateModuleInfo... after 2 ms 
[2026-04-21T16:59:11.796] [DEBUG] debug-file - Executing task :entry:default@GenerateMetadata
[2026-04-21T16:59:11.797] [DEBUG] debug-file - Task 'entry:default@GenerateMetadata' cost while wrapping incremental declarations: 1 ms 
[2026-04-21T16:59:11.799] [DEBUG] debug-file - entry : default@GenerateMetadata cost memory 0.05999755859375
[2026-04-21T16:59:11.799] [DEBUG] debug-file - runTaskFromQueue task cost before running: 179 ms 
[2026-04-21T16:59:11.800] [INFO] debug-file - Finished :entry:default@GenerateMetadata... after 4 ms 
[2026-04-21T16:59:11.801] [DEBUG] debug-file - Executing task :entry:default@ConfigureCmake
[2026-04-21T16:59:11.803] [DEBUG] debug-file - entry : default@ConfigureCmake cost memory -1.5818405151367188
[2026-04-21T16:59:11.803] [DEBUG] debug-file - runTaskFromQueue task cost before running: 183 ms 
[2026-04-21T16:59:11.803] [INFO] debug-file - Finished :entry:default@ConfigureCmake... after 3 ms 
[2026-04-21T16:59:11.805] [DEBUG] debug-file - Executing task :entry:default@MergeProfile
[2026-04-21T16:59:11.805] [DEBUG] debug-file - Task 'entry:default@MergeProfile' cost while wrapping incremental declarations: 1 ms 
[2026-04-21T16:59:11.806] [DEBUG] debug-file - Change app api release type with 'Release'
[2026-04-21T16:59:11.807] [DEBUG] debug-file - Change app compile API version with '6.0.2.130'
[2026-04-21T16:59:11.807] [DEBUG] debug-file - Change app target API version with '60002022'
[2026-04-21T16:59:11.807] [DEBUG] debug-file - Change app minimum API version with '60002022'
[2026-04-21T16:59:11.807] [DEBUG] debug-file - Use cli appEnvironment
[2026-04-21T16:59:11.809] [DEBUG] debug-file - entry : default@MergeProfile cost memory 0.1452178955078125
[2026-04-21T16:59:11.810] [DEBUG] debug-file - runTaskFromQueue task cost before running: 189 ms 
[2026-04-21T16:59:11.810] [INFO] debug-file - Finished :entry:default@MergeProfile... after 5 ms 
[2026-04-21T16:59:11.812] [DEBUG] debug-file - Executing task :entry:default@CreateBuildProfile
[2026-04-21T16:59:11.812] [DEBUG] debug-file - Task 'entry:default@CreateBuildProfile' cost while wrapping incremental declarations: 1 ms 
[2026-04-21T16:59:11.815] [DEBUG] debug-file - entry : default@CreateBuildProfile cost memory 0.0628509521484375
[2026-04-21T16:59:11.815] [DEBUG] debug-file - runTaskFromQueue task cost before running: 194 ms 
[2026-04-21T16:59:11.815] [INFO] debug-file - Finished :entry:default@CreateBuildProfile... after 3 ms 
[2026-04-21T16:59:11.817] [DEBUG] debug-file - Executing task :entry:default@PreCheckSyscap
[2026-04-21T16:59:11.817] [DEBUG] debug-file - entry : default@PreCheckSyscap cost memory 0.01537322998046875
[2026-04-21T16:59:11.817] [DEBUG] debug-file - runTaskFromQueue task cost before running: 197 ms 
[2026-04-21T16:59:11.817] [INFO] debug-file - Finished :entry:default@PreCheckSyscap... after 1 ms 
[2026-04-21T16:59:11.823] [DEBUG] debug-file - Executing task :entry:default@ProcessIntegratedHsp
[2026-04-21T16:59:11.823] [DEBUG] debug-file - entry : default@ProcessIntegratedHsp cost memory 0.0279083251953125
[2026-04-21T16:59:11.823] [DEBUG] debug-file - runTaskFromQueue task cost before running: 203 ms 
[2026-04-21T16:59:11.824] [INFO] debug-file - Finished :entry:default@ProcessIntegratedHsp... after 1 ms 
[2026-04-21T16:59:11.825] [DEBUG] debug-file - Executing task :entry:default@BuildNativeWithCmake
[2026-04-21T16:59:11.827] [DEBUG] debug-file - Use tool [Cmake]
 [
  'D:\\2\\DevEco Studio\\sdk\\default\\openharmony\\native\\build-tools\\cmake\\bin\\cmake.exe',
  '-HD:\\code\\DecodePlayControl-master\\entry\\src\\main\\cpp',
  '-BD:\\code\\DecodePlayControl-master\\entry\\.cxx\\default\\default\\debug\\arm64-v8a',
  '-DOHOS_ARCH=arm64-v8a',
  '-DCMAKE_LIBRARY_OUTPUT_DIRECTORY=D:\\code\\DecodePlayControl-master\\entry\\build\\default\\intermediates\\cmake\\default\\obj\\arm64-v8a',
  '-DCMAKE_BUILD_TYPE=Debug',
  '-DOHOS_SDK_NATIVE=D:\\2\\DevEco Studio\\sdk\\default\\openharmony\\native',
  '-DCMAKE_SYSTEM_NAME=OHOS',
  '-DCMAKE_OHOS_ARCH_ABI=arm64-v8a',
  '-DCMAKE_EXPORT_COMPILE_COMMANDS=ON',
  '-DCMAKE_TOOLCHAIN_FILE=D:\\2\\DevEco Studio\\sdk\\default\\hms\\native\\build\\cmake\\hmos.toolchain.bisheng.cmake',
  '-GNinja',
  '-DCMAKE_MAKE_PROGRAM=D:\\2\\DevEco Studio\\sdk\\default\\openharmony\\native\\build-tools\\cmake\\bin\\ninja.exe',
  '-DCMAKE_FIND_ROOT_PATH=D:\\code\\DecodePlayControl-master\\entry\\.cxx\\default\\default\\debug\\hvigor\\arm64-v8a',
  '-DPACKAGE_FIND_FILE=D:\\code\\DecodePlayControl-master\\entry\\.cxx\\default\\default\\debug\\hvigor\\arm64-v8a\\summary.cmake',
  '--no-warn-unused-cli',
  '-DHMOS_SDK_NATIVE=D:\\2\\DevEco Studio\\sdk\\default\\hms\\native'
]
[2026-04-21T16:59:11.836] [DEBUG] debug-file - CMake configuration was up-to-date
[2026-04-21T16:59:11.845] [DEBUG] debug-file - Use tool [Cmake]
 [
  'D:\\2\\DevEco Studio\\sdk\\default\\openharmony\\native\\build-tools\\cmake\\bin\\cmake.exe',
  '-HD:\\code\\DecodePlayControl-master\\entry\\src\\main\\cpp',
  '-BD:\\code\\DecodePlayControl-master\\entry\\.cxx\\default\\default\\debug\\x86_64',
  '-DOHOS_ARCH=x86_64',
  '-DCMAKE_LIBRARY_OUTPUT_DIRECTORY=D:\\code\\DecodePlayControl-master\\entry\\build\\default\\intermediates\\cmake\\default\\obj\\x86_64',
  '-DCMAKE_BUILD_TYPE=Debug',
  '-DOHOS_SDK_NATIVE=D:\\2\\DevEco Studio\\sdk\\default\\openharmony\\native',
  '-DCMAKE_SYSTEM_NAME=OHOS',
  '-DCMAKE_OHOS_ARCH_ABI=x86_64',
  '-DCMAKE_EXPORT_COMPILE_COMMANDS=ON',
  '-DCMAKE_TOOLCHAIN_FILE=D:\\2\\DevEco Studio\\sdk\\default\\hms\\native\\build\\cmake\\hmos.toolchain.bisheng.cmake',
  '-GNinja',
  '-DCMAKE_MAKE_PROGRAM=D:\\2\\DevEco Studio\\sdk\\default\\openharmony\\native\\build-tools\\cmake\\bin\\ninja.exe',
  '-DCMAKE_FIND_ROOT_PATH=D:\\code\\DecodePlayControl-master\\entry\\.cxx\\default\\default\\debug\\hvigor\\x86_64',
  '-DPACKAGE_FIND_FILE=D:\\code\\DecodePlayControl-master\\entry\\.cxx\\default\\default\\debug\\hvigor\\x86_64\\summary.cmake',
  '--no-warn-unused-cli',
  '-DHMOS_SDK_NATIVE=D:\\2\\DevEco Studio\\sdk\\default\\hms\\native'
]
[2026-04-21T16:59:11.883] [DEBUG] debug-file - CMake configuration was up-to-date
[2026-04-21T16:59:11.887] [DEBUG] debug-file - entry : default@BuildNativeWithCmake cost memory -0.7432098388671875
[2026-04-21T16:59:11.887] [DEBUG] debug-file - runTaskFromQueue task cost before running: 267 ms 
[2026-04-21T16:59:11.887] [INFO] debug-file - Finished :entry:default@BuildNativeWithCmake... after 62 ms 
[2026-04-21T16:59:11.889] [DEBUG] debug-file - Executing task :entry:default@MakePackInfo
[2026-04-21T16:59:11.892] [DEBUG] debug-file - Module Pack Info:  {
  summary: {
    app: { bundleName: 'c***l', bundleType: 'app', version: [Object] },
    modules: [ [Object] ]
  },
  packages: [
    {
      deviceType: [Array],
      moduleType: 'entry',
      deliveryWithInstall: true,
      name: 'entry-default'
    }
  ]
}
[2026-04-21T16:59:11.895] [DEBUG] debug-file - entry : default@MakePackInfo cost memory 0.107696533203125
[2026-04-21T16:59:11.895] [DEBUG] debug-file - runTaskFromQueue task cost before running: 275 ms 
[2026-04-21T16:59:11.896] [INFO] debug-file - Finished :entry:default@MakePackInfo... after 7 ms 
[2026-04-21T16:59:11.898] [DEBUG] debug-file - Executing task :entry:default@SyscapTransform
[2026-04-21T16:59:11.898] [DEBUG] debug-file - File: 'D:\code\DecodePlayControl-master\entry\src\main\syscap.json' from 'sysCapJsonPath' is not exists, just ignore.
[2026-04-21T16:59:11.899] [DEBUG] debug-file - Task 'entry:default@SyscapTransform' cost while wrapping incremental declarations: 1 ms 
[2026-04-21T16:59:11.899] [DEBUG] debug-file - entry : default@SyscapTransform cost memory 0.05397796630859375
[2026-04-21T16:59:11.900] [DEBUG] debug-file - runTaskFromQueue task cost before running: 279 ms 
[2026-04-21T16:59:11.900] [INFO] debug-file - Finished :entry:default@SyscapTransform... after 2 ms 
[2026-04-21T16:59:11.901] [DEBUG] debug-file - Executing task :entry:default@BuildNativeWithNinja
[2026-04-21T16:59:11.903] [DEBUG] debug-file - Use tool [Ninja]
 [
  'D:\\2\\DevEco Studio\\sdk\\default\\openharmony\\native\\build-tools\\cmake\\bin\\ninja.exe',
  '-C',
  'D:\\code\\DecodePlayControl-master\\entry\\.cxx\\default\\default\\debug\\arm64-v8a'
]
[2026-04-21T16:59:11.903] [DEBUG] debug-file - default@BuildNativeWithNinja work[2] is submitted.
[2026-04-21T16:59:11.904] [DEBUG] debug-file - default@BuildNativeWithNinja work[2] is pushed to ready queue.
[2026-04-21T16:59:11.904] [DEBUG] debug-file - A work dispatched to worker[31] failed because unable to get work from ready queue.
[2026-04-21T16:59:11.904] [DEBUG] debug-file - default@BuildNativeWithNinja work[2] has been dispatched to worker[30].
[2026-04-21T16:59:11.904] [DEBUG] debug-file - default@BuildNativeWithNinja work[2] is dispatched.
[2026-04-21T16:59:11.912] [DEBUG] debug-file - OHOS_STL is c++_shared
[2026-04-21T16:59:11.913] [DEBUG] debug-file - Copy STL libc++_shared.so to D:\code\DecodePlayControl-master\entry\build\default\intermediates\cmake\default\obj\arm64-v8a due to OHOS_STL is 'c++_shared'
[2026-04-21T16:59:11.924] [DEBUG] debug-file - Use tool [Ninja]
 [
  'D:\\2\\DevEco Studio\\sdk\\default\\openharmony\\native\\build-tools\\cmake\\bin\\ninja.exe',
  '-C',
  'D:\\code\\DecodePlayControl-master\\entry\\.cxx\\default\\default\\debug\\x86_64'
]
[2026-04-21T16:59:11.924] [DEBUG] debug-file - default@BuildNativeWithNinja work[3] is submitted.
[2026-04-21T16:59:11.924] [DEBUG] debug-file - default@BuildNativeWithNinja work[3] is pushed to ready queue.
[2026-04-21T16:59:11.924] [DEBUG] debug-file - A work dispatched to worker[31] failed because unable to get work from ready queue.
[2026-04-21T16:59:11.924] [DEBUG] debug-file - A work dispatched to worker[30] failed because of worker busy.
[2026-04-21T16:59:11.924] [DEBUG] debug-file - default@BuildNativeWithNinja work[3] has been dispatched to worker[29].
[2026-04-21T16:59:11.924] [DEBUG] debug-file - default@BuildNativeWithNinja work[3] is dispatched.
[2026-04-21T16:59:11.931] [DEBUG] debug-file - OHOS_STL is c++_shared
[2026-04-21T16:59:11.931] [DEBUG] debug-file - Copy STL libc++_shared.so to D:\code\DecodePlayControl-master\entry\build\default\intermediates\cmake\default\obj\x86_64 due to OHOS_STL is 'c++_shared'
[2026-04-21T16:59:11.938] [DEBUG] debug-file - entry : default@BuildNativeWithNinja cost memory 0.860931396484375
[2026-04-21T16:59:11.941] [DEBUG] debug-file - Executing task :entry:default@GeneratePkgContextInfo
[2026-04-21T16:59:11.979] [DEBUG] debug-file - Task 'entry:default@GeneratePkgContextInfo' cost while wrapping incremental declarations: 1 ms 
[2026-04-21T16:59:11.980] [DEBUG] debug-file - entry : default@GeneratePkgContextInfo cost memory -0.525848388671875
[2026-04-21T16:59:11.980] [DEBUG] debug-file - runTaskFromQueue task cost before running: 360 ms 
[2026-04-21T16:59:11.981] [INFO] debug-file - Finished :entry:default@GeneratePkgContextInfo... after 40 ms 
[2026-04-21T16:59:11.984] [DEBUG] debug-file - Executing task :entry:default@ProcessProfile
[2026-04-21T16:59:11.986] [DEBUG] debug-file - Task 'entry:default@ProcessProfile' cost while wrapping incremental declarations: 1 ms 
[2026-04-21T16:59:11.989] [DEBUG] debug-file - [
  'D:\\2\\DevEco Studio\\tools\\node\\node.exe',
  'D:\\2\\DevEco Studio\\sdk\\default\\openharmony\\ets\\build-tools\\ets-loader\\bin\\ark\\ts2abc.js',
  '--target-api-version',
  '22'
]
[2026-04-21T16:59:13.351] [DEBUG] debug-file - 13.0.1.0
[2026-04-21T16:59:13.355] [DEBUG] debug-file - No need to add fake ui ability because of not in preview process.
[2026-04-21T16:59:13.357] [DEBUG] debug-file - entry : default@ProcessProfile cost memory 0.5187149047851562
[2026-04-21T16:59:13.357] [DEBUG] debug-file - runTaskFromQueue task cost before running: 1 s 737 ms 
[2026-04-21T16:59:13.358] [INFO] debug-file - Finished :entry:default@ProcessProfile... after 1 s 374 ms 
[2026-04-21T16:59:13.360] [DEBUG] debug-file - ninja: Entering directory `D:\code\DecodePlayControl-master\entry\.cxx\default\default\debug\arm64-v8a'
[1/9] Building CXX object CMakeFiles/player.dir/capabilities/src/VideoDecoder.cpp.o

[2026-04-21T16:59:13.361] [DEBUG] debug-file - Executing task :entry:default@ProcessRouterMap
[2026-04-21T16:59:13.367] [DEBUG] debug-file - entry : default@ProcessRouterMap cost memory 0.09084320068359375
[2026-04-21T16:59:13.367] [DEBUG] debug-file - runTaskFromQueue task cost before running: 1 s 747 ms 
[2026-04-21T16:59:13.368] [INFO] debug-file - Finished :entry:default@ProcessRouterMap... after 7 ms 
[2026-04-21T16:59:13.370] [DEBUG] debug-file - Executing task :entry:default@ProcessShareConfig
[2026-04-21T16:59:13.375] [DEBUG] debug-file - entry : default@ProcessShareConfig cost memory 0.0728759765625
[2026-04-21T16:59:13.375] [DEBUG] debug-file - runTaskFromQueue task cost before running: 1 s 755 ms 
[2026-04-21T16:59:13.376] [INFO] debug-file - Finished :entry:default@ProcessShareConfig... after 5 ms 
[2026-04-21T16:59:13.378] [DEBUG] debug-file - Executing task :entry:default@ProcessStartupConfig
[2026-04-21T16:59:13.379] [DEBUG] debug-file - Task 'entry:default@ProcessStartupConfig' cost while wrapping incremental declarations: 1 ms 
[2026-04-21T16:59:13.380] [DEBUG] debug-file - ninja: Entering directory `D:\code\DecodePlayControl-master\entry\.cxx\default\default\debug\x86_64'
[1/9] Building CXX object CMakeFiles/player.dir/capabilities/src/AudioDecoder.cpp.o

[2026-04-21T16:59:13.381] [DEBUG] debug-file - entry : default@ProcessStartupConfig cost memory 0.08100128173828125
[2026-04-21T16:59:13.381] [DEBUG] debug-file - runTaskFromQueue task cost before running: 1 s 761 ms 
[2026-04-21T16:59:13.382] [INFO] debug-file - Finished :entry:default@ProcessStartupConfig... after 3 ms 
[2026-04-21T16:59:13.383] [DEBUG] debug-file - clang++: warning: argument unused during compilation: '--gcc-toolchain=D:/2/DevEco Studio/sdk/default/hms/native/BiSheng' [-Wunused-command-line-argument]
[2/9] Building CXX object CMakeFiles/player.dir/capabilities/src/AudioDecoder.cpp.o

[2026-04-21T16:59:13.385] [DEBUG] debug-file - restool module names: entry; moduleName=entry, taskName=default@ProcessResource
[2026-04-21T16:59:13.389] [DEBUG] debug-file - Executing task :entry:default@ProcessResource
[2026-04-21T16:59:13.389] [DEBUG] debug-file - Task 'entry:default@ProcessResource' cost while wrapping incremental declarations: 1 ms 
[2026-04-21T16:59:13.393] [DEBUG] debug-file - entry : default@ProcessResource cost memory 0.10929107666015625
[2026-04-21T16:59:13.394] [DEBUG] debug-file - runTaskFromQueue task cost before running: 1 s 774 ms 
[2026-04-21T16:59:13.395] [INFO] debug-file - Finished :entry:default@ProcessResource... after 7 ms 
[2026-04-21T16:59:13.399] [DEBUG] debug-file - Executing task :entry:default@GenerateLoaderJson
[2026-04-21T16:59:13.401] [DEBUG] debug-file - Task 'entry:default@GenerateLoaderJson' cost while wrapping incremental declarations: 1 ms 
[2026-04-21T16:59:13.416] [DEBUG] debug-file - entry : default@GenerateLoaderJson cost memory 0.4753570556640625
[2026-04-21T16:59:13.416] [DEBUG] debug-file - runTaskFromQueue task cost before running: 1 s 796 ms 
[2026-04-21T16:59:13.420] [INFO] debug-file - Finished :entry:default@GenerateLoaderJson... after 18 ms 
[2026-04-21T16:59:13.422] [DEBUG] debug-file - restool module names: entry; moduleName=entry, taskName=default@CompileResource
[2026-04-21T16:59:13.423] [DEBUG] debug-file - Executing task :entry:default@CompileResource
[2026-04-21T16:59:13.423] [DEBUG] debug-file - clang++: warning: argument unused during compilation: '--gcc-toolchain=D:/2/DevEco Studio/sdk/default/hms/native/BiSheng' [-Wunused-command-line-argument]
[2/9] Building CXX object CMakeFiles/player.dir/capabilities/src/VideoDecoder.cpp.o

[2026-04-21T16:59:13.431] [DEBUG] debug-file - Use tool [D:\2\DevEco Studio\sdk\default\openharmony\toolchains\restool.exe]
 [
  'D:\\2\\DevEco Studio\\sdk\\default\\openharmony\\toolchains\\restool.exe',
  '-l',
  'D:\\code\\DecodePlayControl-master\\entry\\build\\default\\intermediates\\res\\default\\resConfig.json'
]
[2026-04-21T16:59:13.433] [DEBUG] debug-file - current process  memoryUsage: {
  rss: 291471360,
  heapTotal: 128364544,
  heapUsed: 114401856,
  external: 3151068,
  arrayBuffers: 112134
} os memoryUsage :13.578651428222656
[2026-04-21T16:59:13.437] [DEBUG] debug-file - clang++: warning: argument unused during compilation: '--gcc-toolchain=D:/2/DevEco Studio/sdk/default/hms/native/BiSheng' [-Wunused-command-line-argument]
[3/9] Building CXX object CMakeFiles/player.dir/capabilities/src/Demuxer.cpp.o

[2026-04-21T16:59:13.437] [DEBUG] debug-file - clang++: warning: argument unused during compilation: '--gcc-toolchain=D:/2/DevEco Studio/sdk/default/hms/native/BiSheng' [-Wunused-command-line-argument]
[3/9] Building CXX object CMakeFiles/player.dir/capabilities/src/Demuxer.cpp.o

[2026-04-21T16:59:13.468] [DEBUG] debug-file - clang++: warning: argument unused during compilation: '--gcc-toolchain=D:/2/DevEco Studio/sdk/default/hms/native/BiSheng' [-Wunused-command-line-argument]
[4/9] Building CXX object CMakeFiles/player.dir/capabilities/src/CodecCallback.cpp.o

[2026-04-21T16:59:13.496] [DEBUG] debug-file - clang++: warning: argument unused during compilation: '--gcc-toolchain=D:/2/DevEco Studio/sdk/default/hms/native/BiSheng' [-Wunused-command-line-argument]
[4/9] Building CXX object CMakeFiles/player.dir/render/src/XComponentManager.cpp.o
clang++: warning: argument unused during compilation: '--gcc-toolchain=D:/2/DevEco Studio/sdk/default/hms/native/BiSheng' [-Wunused-command-line-argument]
D:/code/DecodePlayControl-master/entry/src/main/cpp/render/src/XComponentManager.cpp:33:13: warning: deleting pointer to incomplete type 'OH_NativeXComponent' may cause undefined behavior [-Wdelete-incomplete]
            delete *iter;
            ^      ~~~~~
D:/2/DevEco Studio/sdk/default/openharmony/native/sysroot/usr/include/ace/xcomponent/native_interface_xcomponent.h:344:16: note: forward declaration of 'OH_NativeXComponent'
typedef struct OH_NativeXComponent OH_NativeXComponent;
               ^
D:/code/DecodePlayControl-master/entry/src/main/cpp/render/src/XComponentManager.cpp:42:9: warning: deleting pointer to incomplete type 'OHNativeWindow' (aka 'NativeWindow') may cause undefined behavior [-Wdelete-incomplete]
        delete nativeWindow_;
        ^      ~~~~~~~~~~~~~
D:/2/DevEco Studio/sdk/default/openharmony/native/sysroot/usr/include/ace/xcomponent/native_interface_xcomponent.h:1216:16: note: forward declaration of 'NativeWindow'
typedef struct NativeWindow OHNativeWindow;
               ^
2 warnings generated.
[5/9] Building CXX object CMakeFiles/player.dir/capabilities/src/CodecCallback.cpp.o

[2026-04-21T16:59:13.516] [DEBUG] debug-file - clang++: warning: argument unused during compilation: '--gcc-toolchain=D:/2/DevEco Studio/sdk/default/hms/native/BiSheng' [-Wunused-command-line-argument]
[6/9] Building CXX object CMakeFiles/player.dir/render/src/XComponentRender.cpp.o

[2026-04-21T16:59:13.523] [DEBUG] debug-file - clang++: warning: argument unused during compilation: '--gcc-toolchain=D:/2/DevEco Studio/sdk/default/hms/native/BiSheng' [-Wunused-command-line-argument]
[5/9] Building CXX object CMakeFiles/player.dir/render/src/XComponentManager.cpp.o
clang++: warning: argument unused during compilation: '--gcc-toolchain=D:/2/DevEco Studio/sdk/default/hms/native/BiSheng' [-Wunused-command-line-argument]
D:/code/DecodePlayControl-master/entry/src/main/cpp/render/src/XComponentManager.cpp:33:13: warning: deleting pointer to incomplete type 'OH_NativeXComponent' may cause undefined behavior [-Wdelete-incomplete]
            delete *iter;
            ^      ~~~~~
D:/2/DevEco Studio/sdk/default/openharmony/native/sysroot/usr/include/ace/xcomponent/native_interface_xcomponent.h:344:16: note: forward declaration of 'OH_NativeXComponent'
typedef struct OH_NativeXComponent OH_NativeXComponent;
               ^
D:/code/DecodePlayControl-master/entry/src/main/cpp/render/src/XComponentManager.cpp:42:9: warning: deleting pointer to incomplete type 'OHNativeWindow' (aka 'NativeWindow') may cause undefined behavior [-Wdelete-incomplete]
        delete nativeWindow_;
        ^      ~~~~~~~~~~~~~
D:/2/DevEco Studio/sdk/default/openharmony/native/sysroot/usr/include/ace/xcomponent/native_interface_xcomponent.h:1216:16: note: forward declaration of 'NativeWindow'
typedef struct NativeWindow OHNativeWindow;
               ^
2 warnings generated.
[6/9] Building CXX object CMakeFiles/player.dir/render/src/XComponentRender.cpp.o

[2026-04-21T16:59:13.529] [DEBUG] debug-file - clang++: warning: argument unused during compilation: '--gcc-toolchain=D:/2/DevEco Studio/sdk/default/hms/native/BiSheng' [-Wunused-command-line-argument]
[7/9] Building CXX object CMakeFiles/player.dir/player/src/PlayerNative.cpp.o

[2026-04-21T16:59:13.561] [DEBUG] debug-file - clang++: warning: argument unused during compilation: '--gcc-toolchain=D:/2/DevEco Studio/sdk/default/hms/native/BiSheng' [-Wunused-command-line-argument]
[7/9] Building CXX object CMakeFiles/player.dir/player/src/PlayerNative.cpp.o

[2026-04-21T16:59:13.822] [DEBUG] debug-file - clang++: warning: argument unused during compilation: '--gcc-toolchain=D:/2/DevEco Studio/sdk/default/hms/native/BiSheng' [-Wunused-command-line-argument]
[8/9] Building CXX object CMakeFiles/player.dir/player/src/Player.cpp.o

[2026-04-21T16:59:13.849] [DEBUG] debug-file - clang++: warning: argument unused during compilation: '--gcc-toolchain=D:/2/DevEco Studio/sdk/default/hms/native/BiSheng' [-Wunused-command-line-argument]
[8/9] Building CXX object CMakeFiles/player.dir/player/src/Player.cpp.o

[2026-04-21T16:59:13.995] [DEBUG] debug-file - clang++: warning: argument unused during compilation: '--gcc-toolchain=D:/2/DevEco Studio/sdk/default/hms/native/BiSheng' [-Wunused-command-line-argument]
[9/9] Linking CXX shared library D:\code\DecodePlayControl-master\entry\build\default\intermediates\cmake\default\obj\arm64-v8a\libplayer.so

[2026-04-21T16:59:13.998] [DEBUG] debug-file - worker[30] has one work done.
[2026-04-21T16:59:14.011] [DEBUG] debug-file - default@BuildNativeWithNinja work[2] done.
[2026-04-21T16:59:14.011] [DEBUG] debug-file - A work dispatched to worker[30] failed because unable to get work from ready queue.
[2026-04-21T16:59:14.018] [DEBUG] debug-file - clang++: warning: argument unused during compilation: '--gcc-toolchain=D:/2/DevEco Studio/sdk/default/hms/native/BiSheng' [-Wunused-command-line-argument]
[9/9] Linking CXX shared library D:\code\DecodePlayControl-master\entry\build\default\intermediates\cmake\default\obj\x86_64\libplayer.so

[2026-04-21T16:59:14.022] [DEBUG] debug-file - worker[29] has one work done.
[2026-04-21T16:59:14.032] [DEBUG] debug-file - default@BuildNativeWithNinja work[3] done.
[2026-04-21T16:59:14.033] [DEBUG] debug-file - A work dispatched to worker[29] failed because unable to get work from ready queue.
[2026-04-21T16:59:14.033] [INFO] debug-file - Finished :entry:default@BuildNativeWithNinja... after 2 s 121 ms 
[2026-04-21T16:59:14.035] [DEBUG] debug-file - Executing task :entry:default@ProcessLibs
[2026-04-21T16:59:14.054] [DEBUG] debug-file - Check content hash for D:\code\DecodePlayControl-master\entry\build\default\intermediates\cmake\default\obj\x86_64\libplayer.so
[2026-04-21T16:59:14.066] [DEBUG] debug-file - Check content hash for D:\code\DecodePlayControl-master\entry\build\default\intermediates\cmake\default\obj\x86_64\libc++_shared.so
[2026-04-21T16:59:14.072] [DEBUG] debug-file - Check content hash for D:\code\DecodePlayControl-master\entry\build\default\intermediates\cmake\default\obj\arm64-v8a\libplayer.so
[2026-04-21T16:59:14.079] [DEBUG] debug-file - Check content hash for D:\code\DecodePlayControl-master\entry\build\default\intermediates\cmake\default\obj\arm64-v8a\libc++_shared.so
[2026-04-21T16:59:14.092] [DEBUG] debug-file - Worker dispatch failed, running processLibs on main thread.
[2026-04-21T16:59:14.102] [DEBUG] debug-file - Link D:\code\DecodePlayControl-master\entry\build\default\intermediates\cmake\default\obj\x86_64\libplayer.so to D:\code\DecodePlayControl-master\entry\build\default\intermediates\libs\default\x86_64\libplayer.so successfully.
[2026-04-21T16:59:14.105] [DEBUG] debug-file - Link D:\code\DecodePlayControl-master\entry\build\default\intermediates\cmake\default\obj\x86_64\libc++_shared.so to D:\code\DecodePlayControl-master\entry\build\default\intermediates\libs\default\x86_64\libc++_shared.so successfully.
[2026-04-21T16:59:14.106] [DEBUG] debug-file - Link D:\code\DecodePlayControl-master\entry\build\default\intermediates\cmake\default\obj\arm64-v8a\libplayer.so to D:\code\DecodePlayControl-master\entry\build\default\intermediates\libs\default\arm64-v8a\libplayer.so successfully.
[2026-04-21T16:59:14.108] [DEBUG] debug-file - Link D:\code\DecodePlayControl-master\entry\build\default\intermediates\cmake\default\obj\arm64-v8a\libc++_shared.so to D:\code\DecodePlayControl-master\entry\build\default\intermediates\libs\default\arm64-v8a\libc++_shared.so successfully.
[2026-04-21T16:59:14.108] [DEBUG] debug-file - entry : default@ProcessLibs cost memory -8.413970947265625
[2026-04-21T16:59:14.109] [DEBUG] debug-file - runTaskFromQueue task cost before running: 2 s 488 ms 
[2026-04-21T16:59:14.110] [INFO] debug-file - Finished :entry:default@ProcessLibs... after 74 ms 
[2026-04-21T16:59:14.111] [DEBUG] debug-file - Executing task :entry:default@DoNativeStrip
[2026-04-21T16:59:14.112] [DEBUG] debug-file - Task 'entry:default@DoNativeStrip' cost while wrapping incremental declarations: 1 ms 
[2026-04-21T16:59:14.116] [DEBUG] debug-file - default@DoNativeStrip work[4] is submitted.
[2026-04-21T16:59:14.116] [DEBUG] debug-file - default@DoNativeStrip work[4] is pushed to ready queue.
[2026-04-21T16:59:14.116] [DEBUG] debug-file - A work dispatched to worker[31] failed because unable to get work from ready queue.
[2026-04-21T16:59:14.116] [DEBUG] debug-file - default@DoNativeStrip work[4] has been dispatched to worker[30].
[2026-04-21T16:59:14.116] [DEBUG] debug-file - default@DoNativeStrip work[4] is dispatched.
[2026-04-21T16:59:14.117] [DEBUG] debug-file - entry : default@DoNativeStrip cost memory 0.1959686279296875
[2026-04-21T16:59:14.141] [DEBUG] debug-file - Info: Pack: normal pack mode

[2026-04-21T16:59:14.159] [DEBUG] debug-file - current process  memoryUsage: {
  rss: 300425216,
  heapTotal: 56537088,
  heapUsed: 53659080,
  external: 4050050,
  arrayBuffers: 62000
} os memoryUsage :13.182685852050781
[2026-04-21T16:59:14.170] [DEBUG] debug-file - current process  memoryUsage: {
  rss: 300511232,
  heapTotal: 56537088,
  heapUsed: 53746056,
  external: 4050090,
  arrayBuffers: 62000
} os memoryUsage :13.18191909790039
[2026-04-21T16:59:14.175] [DEBUG] debug-file - current process  memoryUsage: {
  rss: 300572672,
  heapTotal: 56537088,
  heapUsed: 53817000,
  external: 4050090,
  arrayBuffers: 62000
} os memoryUsage :13.181690216064453
[2026-04-21T16:59:14.180] [DEBUG] debug-file - current process  memoryUsage: {
  rss: 300654592,
  heapTotal: 56799232,
  heapUsed: 54135184,
  external: 4050090,
  arrayBuffers: 62000
} os memoryUsage :13.182323455810547
[2026-04-21T16:59:14.245] [DEBUG] debug-file - Info: hardware concurrency count is : 32
Info: thread count is : 32

[2026-04-21T16:59:14.245] [DEBUG] debug-file - Info: thread pool is started

[2026-04-21T16:59:14.247] [DEBUG] debug-file - Info: GenericCompiler::CompileFiles

[2026-04-21T16:59:14.260] [DEBUG] debug-file - Info: GenericCompiler::CompileFiles

[2026-04-21T16:59:14.261] [DEBUG] debug-file - Warning: 'D:\code\DecodePlayControl-master\entry\src\main\resources\base\media\layered_image.json' is defined repeatedly.
Warning: 'D:\code\DecodePlayControl-master\entry\src\main\resources\base\media\background.png' is defined repeatedly.
Warning: 'D:\code\DecodePlayControl-master\entry\src\main\resources\base\media\foreground.png' is defined repeatedly.

[2026-04-21T16:59:14.274] [DEBUG] debug-file - Info: GenericCompiler::CompileFiles

[2026-04-21T16:59:14.282] [DEBUG] debug-file - 04-21 16:59:14.282 27516  4492 E C01400/ImageTranscoderUtils: DecodeToRGBA IN
04-21 16:59:14.282 27516  4492 E C01400/ImageTranscoderUtils: ImageFilter IN D:\code\DecodePlayControl-master\AppScope\resources\base\media\background.png

[2026-04-21T16:59:14.345] [DEBUG] debug-file - 04-21 16:59:14.345 27516  4492 E C01400/ImageTranscoderUtils: DecodeToRGBA IN
04-21 16:59:14.345 27516  4492 E C01400/ImageTranscoderUtils: ImageFilter IN D:\code\DecodePlayControl-master\AppScope\resources\base\media\foreground.png

[2026-04-21T16:59:14.399] [DEBUG] debug-file - Info: can't scale media json file.

[2026-04-21T16:59:14.401] [DEBUG] debug-file - Warning: The width or height of the png file referenced by the icon exceeds the limit (41 pixels)
at D:\code\DecodePlayControl-master\AppScope\resources\base\media\background.png

[2026-04-21T16:59:14.401] [DEBUG] debug-file - Warning: The width or height of the png file referenced by the icon exceeds the limit (41 pixels)
at D:\code\DecodePlayControl-master\AppScope\resources\base\media\foreground.png
Warning: D:\code\DecodePlayControl-master\AppScope\resources\base\media\layered_image.json is not png format

[2026-04-21T16:59:14.402] [DEBUG] debug-file - Info: restool resources compile success.

[2026-04-21T16:59:14.404] [DEBUG] debug-file - Info: thread pool is stopped

[2026-04-21T16:59:14.476] [DEBUG] debug-file - entry : default@CompileResource cost memory -7.8266448974609375
[2026-04-21T16:59:14.476] [DEBUG] debug-file - runTaskFromQueue task cost before running: 2 s 856 ms 
[2026-04-21T16:59:14.477] [INFO] debug-file - Finished :entry:default@CompileResource... after 1 s 54 ms 
[2026-04-21T16:59:14.480] [DEBUG] debug-file - Executing task :entry:default@CompileArkTS
[2026-04-21T16:59:14.481] [DEBUG] debug-file - obfuscationOptions: undefined
[2026-04-21T16:59:14.487] [DEBUG] debug-file - Task 'entry:default@CompileArkTS' cost while wrapping incremental declarations: 1 ms 
[2026-04-21T16:59:14.509] [DEBUG] debug-file - build config:
[2026-04-21T16:59:14.509] [DEBUG] debug-file - {
  moduleType: 'entry',
  perf: 0,
  targetName: '.default',
  packageManagerType: 'ohpm',
  localPropertiesPath: 'D:\\code\\DecodePlayControl-master\\local.properties',
  isPreview: false,
  isOhosTest: false,
  isLocalTest: false,
  buildMode: 'Debug',
  hotReloadBuild: undefined,
  watchMode: 'false',
  aceProfilePath: 'D:\\code\\DecodePlayControl-master\\entry\\build\\default\\intermediates\\res\\default\\resources\\base\\profile',
  etsLoaderPath: 'D:\\2\\DevEco Studio\\sdk\\default\\openharmony\\ets\\build-tools\\ets-loader',
  modulePath: 'D:\\code\\DecodePlayControl-master\\entry',
  testFrameworkPar: {
    testMode: undefined,
    coveragePathFilter: undefined,
    coverageMode: undefined
  },
  needCoverageInsert: false,
  debugLine: false,
  projectTopDir: 'D:\\code\\DecodePlayControl-master',
  compileSdkVersion: 22,
  compatibleSdkVersion: 22,
  originCompatibleSdkVersion: '6.0.2(22)',
  compatibleSdkVersionStage: undefined,
  bundleName: 'c***l',
  etsLoaderVersion: '6.0.2.130',
  etsLoaderReleaseType: 'Release',
  aotCompileMode: 'type',
  apPath: 'D:\\code\\DecodePlayControl-master\\entry\\modules.ap',
  entryModuleName: 'entry',
  entryModuleVersion: '1.0.0',
  entryPackageName: 'entry',
  allModuleNameHash: '18f036cfe3abbc9fe4d18b42c711c4d622e62032cf569cd31349e664fddf01ff',
  externalApiPaths: [ 'D:\\2\\DevEco Studio\\sdk\\default\\hms\\ets' ],
  compilerTypes: [],
  isCrossplatform: false,
  hvigorPluginFile: undefined,
  compilePluginPath: undefined,
  buildGeneratedProfilePath: 'D:\\code\\DecodePlayControl-master\\entry\\build\\default\\generated\\profile\\default',
  bundleType: 'app',
  arkTSVersion: undefined,
  apiVersion: 22,
  needCompleteSourcesMap: false,
  isFaMode: false,
  buildDir: 'D:\\code\\DecodePlayControl-master\\entry\\build',
  deviceTypes: [ 'phone' ],
  pkgContextInfo: {
    'libplayer.so': {
      packageName: 'libplayer.so',
      bundleName: '*****',
      moduleName: '',
      version: '',
      entryPath: 'Index',
      isSO: true,
      dependencyAlias: ''
    },
    entry: {
      packageName: 'entry',
      bundleName: '*****',
      moduleName: '',
      version: '',
      entryPath: 'src/main/',
      isSO: false,
      dependencyAlias: ''
    }
  },
  ohPackagePathMap: {},
  dependencyAliasMap: {},
  permission: { requestPermissions: undefined, definePermissions: undefined },
  useGetCurrentBundleName: false,
  projectArkOption: undefined,
  sourceMapDir: undefined,
  branchElimination: false,
  transformLib: undefined,
  tsImportSendable: false,
  resolveConflictMode: true,
  depName2RootPath: {},
  depName2DepInfo: {},
  rootPathSet: [ 'D:\\code\\DecodePlayControl-master' ],
  useNativeResolver: true,
  shouldEmitJs: true,
  useTscResolve: false,
  singleFileEmit: false,
  userProjectConfig: {
    autoLazyImport: false,
    allowEmptyBundleName: false,
    reExportCheckMode: 'noCheck',
    executionMode: 'memory',
    usePathPlaceholder: false,
    writeRollupCache: true,
    isExpandImportEnabled: false,
    expandImportExclude: '',
    lazyImportExclude: '',
    lazyImportInclude: '',
    ignoreCrossplatformCheck: false,
    isHarDeduplicateEnabled: false,
    skipOhModulesLint: false,
    enableStrictCheckOHModule: false,
    disableSendableCheckRules: [],
    useDeclarationFileSignature: false,
    customizedOptions: undefined,
    integratedHsp: false,
    isPreloadSoEnabled: false
  },
  executionMode: 'memory',
  arkCompileCachePath: 'D:\\code\\DecodePlayControl-master\\entry\\build\\default\\cache\\default\\default@CompileArkTS\\esmodule',
  autoLazyFilter: undefined,
  isHarDeduplicateEnabled: false,
  intermediateHarDuplicateDirPath: 'D:\\code\\DecodePlayControl-master\\entry\\build\\default\\intermediates\\har_duplicate\\default',
  autoLazyImport: false,
  allowEmptyBundleName: false,
  reExportCheckMode: 'noCheck',
  usePathPlaceholder: false,
  writeRollupCache: true,
  isExpandImportEnabled: false,
  expandImportExclude: '',
  lazyImportExclude: '',
  lazyImportInclude: '',
  ignoreCrossplatformCheck: false,
  skipOhModulesLint: false,
  enableStrictCheckOHModule: false,
  disableSendableCheckRules: [],
  useDeclarationFileSignature: false,
  customizedOptions: undefined,
  integratedHsp: false,
  isPreloadSoEnabled: false,
  strictMode: {
    caseSensitiveCheck: true,
    useNormalizedOHMUrl: true,
    noExternalImportByPath: true
  },
  useNormalizedOHMUrl: true,
  caseSensitiveCheck: true,
  aceModuleJsonPath: 'D:\\code\\DecodePlayControl-master\\entry\\build\\default\\intermediates\\res\\default\\ark_module.json',
  appResource: 'D:\\code\\DecodePlayControl-master\\entry\\build\\default\\intermediates\\res\\default\\ResourceTable.txt',
  rawFileResource: 'D:\\code\\DecodePlayControl-master\\entry\\build\\default\\intermediates\\res\\default\\resources\\rawfile',
  resourceTableHash: '363ef640142a41f516444a19bd43ec0d24321965af48126d88eaef140d478f70',
  runtimeOS: 'HarmonyOS',
  sdkInfo: 'false:22:6.0.2.130:Release',
  aceModuleRoot: 'D:\\code\\DecodePlayControl-master\\entry\\src\\main\\ets',
  compileMode: 'esmodule',
  aceSuperVisualPath: 'D:\\code\\DecodePlayControl-master\\entry\\src\\main\\supervisual',
  aceBuildJson: 'D:\\code\\DecodePlayControl-master\\entry\\build\\default\\intermediates\\loader\\default\\loader.json',
  cachePath: 'D:\\code\\DecodePlayControl-master\\entry\\build\\default\\cache\\default\\default@CompileArkTS\\esmodule\\debug',
  aceModuleBuild: 'D:\\code\\DecodePlayControl-master\\entry\\build\\default\\intermediates\\loader_out\\default\\ets',
  supportChunks: true,
  declaredFilesPath: undefined,
  shouldCollectDirectImportees: false,
  isByteCodeHarOptimize: false,
  expandImportPath: undefined,
  pkgNameToPkgBriefInfo: {
    entry: {
      pkgRoot: 'D:\\code\\DecodePlayControl-master\\entry',
      originalSourceRoots: undefined,
      sourceRoots: [Array],
      pkgName: 'entry'
    }
  },
  projectModel: {
    'D:\\code\\DecodePlayControl-master\\entry\\src\\main': {
      moduleName: 'entry',
      modulePkgPath: 'D:\\code\\DecodePlayControl-master\\entry',
      belongProjectPath: 'D:\\code\\DecodePlayControl-master'
    },
    'D:\\code\\DecodePlayControl-master\\entry\\.test\\default\\intermediates\\src\\ohosTest\\ets': {
      moduleName: 'entry',
      modulePkgPath: 'D:\\code\\DecodePlayControl-master\\entry',
      belongProjectPath: 'D:\\code\\DecodePlayControl-master'
    },
    'D:\\code\\DecodePlayControl-master\\entry\\src\\ohosTest': {
      moduleName: 'entry',
      modulePkgPath: 'D:\\code\\DecodePlayControl-master\\entry',
      belongProjectPath: 'D:\\code\\DecodePlayControl-master'
    },
    'D:\\code\\DecodePlayControl-master\\entry': {
      moduleName: 'entry',
      modulePkgPath: 'D:\\code\\DecodePlayControl-master\\entry',
      belongProjectPath: 'D:\\code\\DecodePlayControl-master'
    },
    'D:\\code\\DecodePlayControl-master': {
      moduleName: 'DecodePlayControl-master',
      modulePkgPath: 'D:\\code\\DecodePlayControl-master',
      belongProjectPath: 'D:\\code\\DecodePlayControl-master'
    }
  },
  pkgJsonFileHash: '893449d4d9a3457705f4574d43d3daca02d3c1644a52baf13684e6abd1a9b590',
  allModulePaths: [ 'D:\\code\\DecodePlayControl-master\\entry' ],
  routerMap: {},
  obfuscationOptions: undefined,
  byteCodeHarToDependencyKeys: undefined,
  compileBlockPkg: [],
  mockParams: {
    decorator: '@MockSetup',
    packageName: '@ohos/hamock',
    etsSourceRootPath: 'src/main/ets',
    mockConfigPath: undefined,
    mockConfigKey2ModuleInfo: {},
    source2ModuleIdMap: {}
  },
  copyCodeResourceEnable: false,
  copyCodeResourceExcludes: [],
  copyCodeResourceIncludes: undefined,
  uiTransformOptimization: false,
  sdkPath: 'D:/2/DevEco Studio/sdk',
  needPreloadSoFileSet: {},
  preloadSoFilePath: 'D:\\code\\DecodePlayControl-master\\entry\\build\\default\\intermediates\\preload\\default\\preload.json',
  useSourceHash: false,
  localModuleParamMap: {},
  otherPaths: {
    'entry/*': [
      '..\\*',
      '..\\..\\..\\build\\default\\generated\\profile\\default\\*'
    ]
  },
  collectImportersConfig: undefined
}
[2026-04-21T16:59:14.510] [DEBUG] debug-file - Compile arkts with external api path: D:\2\DevEco Studio\sdk\default\hms\ets
[2026-04-21T16:59:14.511] [DEBUG] debug-file - default@CompileArkTS work[5] is submitted.
[2026-04-21T16:59:14.512] [DEBUG] debug-file - default@CompileArkTS work[5] is pushed to ready queue.
[2026-04-21T16:59:14.512] [DEBUG] debug-file - A work dispatched to worker[31] failed because unable to get work from ready queue.
[2026-04-21T16:59:14.512] [DEBUG] debug-file - A work dispatched to worker[30] failed because of worker busy.
[2026-04-21T16:59:14.512] [DEBUG] debug-file - A work dispatched to worker[29] failed because unable to get work from ready queue.
[2026-04-21T16:59:14.512] [DEBUG] debug-file - A work dispatched to worker[28] failed because unable to get work from ready queue.
[2026-04-21T16:59:14.512] [DEBUG] debug-file - A work dispatched to worker[27] failed because unable to get work from ready queue.
[2026-04-21T16:59:14.512] [DEBUG] debug-file - A work dispatched to worker[26] failed because unable to get work from ready queue.
[2026-04-21T16:59:14.512] [DEBUG] debug-file - A work dispatched to worker[25] failed because unable to get work from ready queue.
[2026-04-21T16:59:14.512] [DEBUG] debug-file - A work dispatched to worker[24] failed because unable to get work from ready queue.
[2026-04-21T16:59:14.512] [DEBUG] debug-file - A work dispatched to worker[23] failed because unable to get work from ready queue.
[2026-04-21T16:59:14.512] [DEBUG] debug-file - A work dispatched to worker[22] failed because unable to get work from ready queue.
[2026-04-21T16:59:14.513] [DEBUG] debug-file - A work dispatched to worker[21] failed because unable to get work from ready queue.
[2026-04-21T16:59:14.513] [DEBUG] debug-file - A work dispatched to worker[20] failed because unable to get work from ready queue.
[2026-04-21T16:59:14.513] [DEBUG] debug-file - A work dispatched to worker[19] failed because unable to get work from ready queue.
[2026-04-21T16:59:14.513] [DEBUG] debug-file - A work dispatched to worker[18] failed because unable to get work from ready queue.
[2026-04-21T16:59:14.513] [DEBUG] debug-file - A work dispatched to worker[17] failed because unable to get work from ready queue.
[2026-04-21T16:59:14.513] [DEBUG] debug-file - A work dispatched to worker[16] failed because unable to get work from ready queue.
[2026-04-21T16:59:14.513] [DEBUG] debug-file - A work dispatched to worker[15] failed because unable to get work from ready queue.
[2026-04-21T16:59:14.513] [DEBUG] debug-file - A work dispatched to worker[14] failed because unable to get work from ready queue.
[2026-04-21T16:59:14.513] [DEBUG] debug-file - A work dispatched to worker[13] failed because unable to get work from ready queue.
[2026-04-21T16:59:14.513] [DEBUG] debug-file - A work dispatched to worker[12] failed because unable to get work from ready queue.
[2026-04-21T16:59:14.513] [DEBUG] debug-file - A work dispatched to worker[11] failed because unable to get work from ready queue.
[2026-04-21T16:59:14.513] [DEBUG] debug-file - A work dispatched to worker[10] failed because unable to get work from ready queue.
[2026-04-21T16:59:14.513] [DEBUG] debug-file - A work dispatched to worker[9] failed because unable to get work from ready queue.
[2026-04-21T16:59:14.513] [DEBUG] debug-file - A work dispatched to worker[8] failed because unable to get work from ready queue.
[2026-04-21T16:59:14.513] [DEBUG] debug-file - A work dispatched to worker[7] failed because unable to get work from ready queue.
[2026-04-21T16:59:14.514] [DEBUG] debug-file - A work dispatched to worker[6] failed because unable to get work from ready queue.
[2026-04-21T16:59:14.514] [DEBUG] debug-file - A work dispatched to worker[5] failed because unable to get work from ready queue.
[2026-04-21T16:59:14.514] [DEBUG] debug-file - Create  resident worker with id: 4.
[2026-04-21T16:59:14.516] [DEBUG] debug-file - default@CompileArkTS work[5] has been dispatched to worker[4].
[2026-04-21T16:59:14.516] [DEBUG] debug-file - default@CompileArkTS work[5] is dispatched.
[2026-04-21T16:59:14.516] [DEBUG] debug-file - entry : default@CompileArkTS cost memory 1.6384963989257812
[2026-04-21T16:59:14.518] [DEBUG] debug-file - Executing task :entry:default@BuildJS
[2026-04-21T16:59:14.518] [DEBUG] debug-file - Task 'entry:default@BuildJS' cost while wrapping incremental declarations: 1 ms 
[2026-04-21T16:59:14.521] [DEBUG] debug-file - entry : default@BuildJS cost memory 0.15631103515625
[2026-04-21T16:59:14.522] [DEBUG] debug-file - runTaskFromQueue task cost before running: 2 s 901 ms 
[2026-04-21T16:59:14.522] [INFO] debug-file - Finished :entry:default@BuildJS... after 4 ms 
[2026-04-21T16:59:15.433] [DEBUG] debug-file - worker[30] has one work done.
[2026-04-21T16:59:15.434] [DEBUG] debug-file - default@DoNativeStrip work[4] done.
[2026-04-21T16:59:15.434] [DEBUG] debug-file - A work dispatched to worker[30] failed because unable to get work from ready queue.
[2026-04-21T16:59:15.434] [INFO] debug-file - Finished :entry:default@DoNativeStrip... after 1 s 311 ms 
[2026-04-21T16:59:15.436] [DEBUG] debug-file - Executing task :entry:default@CacheNativeLibs
[2026-04-21T16:59:15.437] [DEBUG] debug-file - Task 'entry:default@CacheNativeLibs' cost while wrapping incremental declarations: 1 ms 
[2026-04-21T16:59:15.437] [DEBUG] debug-file - default@CacheNativeLibs work[6] is submitted.
[2026-04-21T16:59:15.438] [DEBUG] debug-file - default@CacheNativeLibs work[6] is pushed to ready queue.
[2026-04-21T16:59:15.438] [DEBUG] debug-file - A work dispatched to worker[31] failed because unable to get work from ready queue.
[2026-04-21T16:59:15.438] [DEBUG] debug-file - default@CacheNativeLibs work[6] has been dispatched to worker[30].
[2026-04-21T16:59:15.438] [DEBUG] debug-file - default@CacheNativeLibs work[6] is dispatched.
[2026-04-21T16:59:15.438] [DEBUG] debug-file - entry : default@CacheNativeLibs cost memory 0.25897216796875
[2026-04-21T16:59:15.446] [DEBUG] debug-file - worker[30] has one work done.
[2026-04-21T16:59:15.446] [DEBUG] debug-file - default@CacheNativeLibs work[6] done.
[2026-04-21T16:59:15.446] [DEBUG] debug-file - A work dispatched to worker[30] failed because unable to get work from ready queue.
[2026-04-21T16:59:15.447] [INFO] debug-file - Finished :entry:default@CacheNativeLibs... after 9 ms 
[2026-04-21T16:59:24.215] [DEBUG] debug-file - worker[4] has one work done.
[2026-04-21T16:59:24.215] [DEBUG] debug-file - Ark compile task finished.finished time is 576897124500
[2026-04-21T16:59:24.218] [DEBUG] debug-file - default@CompileArkTS work[5] done.
[2026-04-21T16:59:24.219] [DEBUG] debug-file - A work dispatched to worker[4] failed because unable to get work from ready queue.
[2026-04-21T16:59:24.220] [INFO] debug-file - Finished :entry:default@CompileArkTS... after 6 s 492 ms 
[2026-04-21T16:59:24.221] [DEBUG] debug-file - Executing task :entry:default@GeneratePkgModuleJson
[2026-04-21T16:59:24.222] [DEBUG] debug-file - File: 'D:\code\DecodePlayControl-master\entry\build\default\intermediates\preload\default\preload.json' from 'preloadSoJsonPath' is not exists, just ignore.
[2026-04-21T16:59:24.223] [DEBUG] debug-file - Error occurs while handling @Input 'shouldDeduplicateHar': The "data" argument must be of type string or an instance of Buffer, TypedArray, or DataView. Received undefined
[2026-04-21T16:59:24.223] [DEBUG] debug-file - Task 'entry:default@GeneratePkgModuleJson' cost while wrapping incremental declarations: 2 ms 
[2026-04-21T16:59:24.225] [DEBUG] debug-file - entry : default@GeneratePkgModuleJson cost memory 0.153167724609375
[2026-04-21T16:59:24.225] [DEBUG] debug-file - runTaskFromQueue task cost before running: 12 s 605 ms 
[2026-04-21T16:59:24.225] [INFO] debug-file - Finished :entry:default@GeneratePkgModuleJson... after 4 ms 
[2026-04-21T16:59:24.226] [DEBUG] debug-file - Executing task :entry:default@ProcessCompiledResources
[2026-04-21T16:59:24.227] [DEBUG] debug-file - File: 'D:\code\DecodePlayControl-master\entry\build\default\intermediates\preload\default\preload.json' from 'preloadSoJsonPath' is not exists, just ignore.
[2026-04-21T16:59:24.227] [DEBUG] debug-file - Task 'entry:default@ProcessCompiledResources' cost while wrapping incremental declarations: 1 ms 
[2026-04-21T16:59:24.227] [DEBUG] debug-file - entry : default@ProcessCompiledResources cost memory 0.05731964111328125
[2026-04-21T16:59:24.227] [DEBUG] debug-file - runTaskFromQueue task cost before running: 12 s 607 ms 
[2026-04-21T16:59:24.228] [INFO] debug-file - Finished :entry:default@ProcessCompiledResources... after 1 ms 
[2026-04-21T16:59:24.230] [DEBUG] debug-file - Executing task :entry:default@PackageHap
[2026-04-21T16:59:24.234] [DEBUG] debug-file - Use tool [D:\2\DevEco Studio\sdk\default\openharmony\toolchains\lib\app_packing_tool.jar]
 [
  'java',
  '-Dfile.encoding=GBK',
  '-jar',
  'D:\\2\\DevEco Studio\\sdk\\default\\openharmony\\toolchains\\lib\\app_packing_tool.jar',
  '--mode',
  'hap',
  '--force',
  'true',
  '--lib-path',
  'D:\\code\\DecodePlayControl-master\\entry\\build\\default\\intermediates\\stripped_native_libs\\default',
  '--json-path',
  'D:\\code\\DecodePlayControl-master\\entry\\build\\default\\intermediates\\package\\default\\module.json',
  '--resources-path',
  'D:\\code\\DecodePlayControl-master\\entry\\build\\default\\intermediates\\res\\default\\resources',
  '--index-path',
  'D:\\code\\DecodePlayControl-master\\entry\\build\\default\\intermediates\\res\\default\\resources.index',
  '--pack-info-path',
  'D:\\code\\DecodePlayControl-master\\entry\\build\\default\\outputs\\default\\pack.info',
  '--out-path',
  'D:\\code\\DecodePlayControl-master\\entry\\build\\default\\outputs\\default\\entry-default-unsigned.hap',
  '--ets-path',
  'D:\\code\\DecodePlayControl-master\\entry\\build\\default\\intermediates\\loader_out\\default\\ets',
  '--pkg-context-path',
  'D:\\code\\DecodePlayControl-master\\entry\\build\\default\\intermediates\\loader\\default\\pkgContextInfo.json'
]
[2026-04-21T16:59:24.838] [DEBUG] debug-file - java daemon socket received message:{"code":0,"message":"pack success"}
[2026-04-21T16:59:24.849] [DEBUG] debug-file - entry : default@PackageHap cost memory -2.965118408203125
[2026-04-21T16:59:24.849] [DEBUG] debug-file - runTaskFromQueue task cost before running: 13 s 229 ms 
[2026-04-21T16:59:24.851] [INFO] debug-file - Finished :entry:default@PackageHap... after 620 ms 
[2026-04-21T16:59:24.853] [DEBUG] debug-file - Executing task :entry:default@PackingCheck
[2026-04-21T16:59:24.862] [DEBUG] debug-file - entry : default@PackingCheck cost memory -0.10820770263671875
[2026-04-21T16:59:24.862] [DEBUG] debug-file - runTaskFromQueue task cost before running: 13 s 242 ms 
[2026-04-21T16:59:24.862] [INFO] debug-file - Finished :entry:default@PackingCheck... after 10 ms 
[2026-04-21T16:59:24.864] [DEBUG] debug-file - Executing task :entry:default@SignHap
[2026-04-21T16:59:24.864] [WARN] debug-file - Will skip sign 'hos_hap'. No signingConfigs profile is configured in current project.
             If needed, configure the signingConfigs in D:\code\DecodePlayControl-master\build-profile.json5.
[2026-04-21T16:59:24.866] [DEBUG] debug-file - entry : default@SignHap cost memory 0.06966400146484375
[2026-04-21T16:59:24.866] [DEBUG] debug-file - runTaskFromQueue task cost before running: 13 s 246 ms 
[2026-04-21T16:59:24.866] [INFO] debug-file - Finished :entry:default@SignHap... after 2 ms 
[2026-04-21T16:59:24.868] [DEBUG] debug-file - Executing task :entry:default@CollectDebugSymbol
[2026-04-21T16:59:24.869] [DEBUG] debug-file - entry : default@CollectDebugSymbol cost memory 0.0872650146484375
[2026-04-21T16:59:24.869] [DEBUG] debug-file - runTaskFromQueue task cost before running: 13 s 249 ms 
[2026-04-21T16:59:24.869] [INFO] debug-file - Finished :entry:default@CollectDebugSymbol... after 2 ms 
[2026-04-21T16:59:24.870] [DEBUG] debug-file - Executing task :entry:assembleHap
[2026-04-21T16:59:24.870] [DEBUG] debug-file - entry : assembleHap cost memory 0.0128021240234375
[2026-04-21T16:59:24.870] [DEBUG] debug-file - runTaskFromQueue task cost before running: 13 s 250 ms 
[2026-04-21T16:59:24.870] [INFO] debug-file - Finished :entry:assembleHap... after 1 ms 
[2026-04-21T16:59:24.882] [INFO] debug-file - BUILD SUCCESSFUL in 13 s 261 ms 
[2026-04-21T16:59:24.883] [DEBUG] debug-file - Update task entry:default@PreBuild input file:D:\code\DecodePlayControl-master\AppScope\app.json5 cache by regenerate.
[2026-04-21T16:59:24.884] [DEBUG] debug-file - Update task entry:default@PreBuild input file:D:\code\DecodePlayControl-master\entry\src\main\module.json5 cache by regenerate.
[2026-04-21T16:59:24.884] [DEBUG] debug-file - Update task entry:default@PreBuild input file:D:\code\DecodePlayControl-master\build-profile.json5 cache by regenerate.
[2026-04-21T16:59:24.884] [DEBUG] debug-file - Update task entry:default@PreBuild input file:D:\code\DecodePlayControl-master\entry\build-profile.json5 cache by regenerate.
[2026-04-21T16:59:24.885] [DEBUG] debug-file - Update task entry:default@PreBuild input file:D:\code\DecodePlayControl-master\entry\src\main\resources\base\profile\main_pages.json cache by regenerate.
[2026-04-21T16:59:24.886] [DEBUG] debug-file - Update task entry:default@PreBuild input file:D:\code\DecodePlayControl-master\hvigor\hvigor-config.json5 cache by regenerate.
[2026-04-21T16:59:24.886] [DEBUG] debug-file - Update task entry:default@PreBuild input file:D:\code\DecodePlayControl-master\entry\oh-package.json5 cache by regenerate.
[2026-04-21T16:59:24.886] [DEBUG] debug-file - Update task entry:default@PreBuild input file:D:\code\DecodePlayControl-master\oh-package.json5 cache by regenerate.
[2026-04-21T16:59:24.887] [DEBUG] debug-file - Incremental task entry:default@PreBuild post-execution cost:5 ms .
[2026-04-21T16:59:24.887] [DEBUG] debug-file - Update task entry:default@CreateModuleInfo output file:D:\code\DecodePlayControl-master\entry\build\default\generated\profile\default\ModuleInfo.ts cache.
[2026-04-21T16:59:24.887] [DEBUG] debug-file - Incremental task entry:default@CreateModuleInfo post-execution cost:1 ms .
[2026-04-21T16:59:24.888] [DEBUG] debug-file - Update task entry:default@GenerateMetadata input file:D:\code\DecodePlayControl-master\entry\src\main\module.json5 cache by regenerate.
[2026-04-21T16:59:24.888] [DEBUG] debug-file - Update task entry:default@GenerateMetadata output file:D:\code\DecodePlayControl-master\entry\build\default\intermediates\hap_metadata\default\output_metadata.json cache.
[2026-04-21T16:59:24.888] [DEBUG] debug-file - Incremental task entry:default@GenerateMetadata post-execution cost:1 ms .
[2026-04-21T16:59:24.888] [DEBUG] debug-file - Update task entry:default@MergeProfile input file:D:\code\DecodePlayControl-master\AppScope\app.json5 cache by regenerate.
[2026-04-21T16:59:24.889] [DEBUG] debug-file - Update task entry:default@MergeProfile input file:D:\code\DecodePlayControl-master\build-profile.json5 cache by regenerate.
[2026-04-21T16:59:24.889] [DEBUG] debug-file - Update task entry:default@MergeProfile input file:D:\code\DecodePlayControl-master\entry\src\main\module.json5 cache by regenerate.
[2026-04-21T16:59:24.889] [DEBUG] debug-file - Update task entry:default@MergeProfile output file:D:\code\DecodePlayControl-master\entry\build\default\intermediates\merge_profile\default\module.json cache.
[2026-04-21T16:59:24.890] [DEBUG] debug-file - Incremental task entry:default@MergeProfile post-execution cost:2 ms .
[2026-04-21T16:59:24.890] [DEBUG] debug-file - Update task entry:default@CreateBuildProfile input file:D:\code\DecodePlayControl-master\AppScope\app.json5 cache by regenerate.
[2026-04-21T16:59:24.890] [DEBUG] debug-file - Update task entry:default@CreateBuildProfile input file:D:\code\DecodePlayControl-master\build-profile.json5 cache by regenerate.
[2026-04-21T16:59:24.890] [DEBUG] debug-file - Update task entry:default@CreateBuildProfile output file:D:\code\DecodePlayControl-master\entry\build\default\generated\profile\default\BuildProfile.ets cache.
[2026-04-21T16:59:24.891] [DEBUG] debug-file - Incremental task entry:default@CreateBuildProfile post-execution cost:1 ms .
[2026-04-21T16:59:24.891] [DEBUG] debug-file - Update task entry:default@ProcessIntegratedHsp output file:D:\code\DecodePlayControl-master\build\cache\default\integrated_hsp\integratedHspCache.json cache.
[2026-04-21T16:59:24.891] [DEBUG] debug-file - Incremental task entry:default@ProcessIntegratedHsp post-execution cost:1 ms .
[2026-04-21T16:59:24.892] [DEBUG] debug-file - Update task entry:default@MakePackInfo input file:D:\code\DecodePlayControl-master\AppScope\app.json5 cache by regenerate.
[2026-04-21T16:59:24.892] [DEBUG] debug-file - Update task entry:default@MakePackInfo input file:D:\code\DecodePlayControl-master\entry\src\main\module.json5 cache by regenerate.
[2026-04-21T16:59:24.892] [DEBUG] debug-file - Update task entry:default@MakePackInfo input file:D:\code\DecodePlayControl-master\build-profile.json5 cache by regenerate.
[2026-04-21T16:59:24.893] [DEBUG] debug-file - Update task entry:default@MakePackInfo input file:D:\code\DecodePlayControl-master\entry\src\main\resources\base\profile\backup_config.json cache by regenerate.
[2026-04-21T16:59:24.893] [DEBUG] debug-file - Update task entry:default@MakePackInfo output file:D:\code\DecodePlayControl-master\entry\build\default\outputs\default\pack.info cache.
[2026-04-21T16:59:24.893] [DEBUG] debug-file - Incremental task entry:default@MakePackInfo post-execution cost:3 ms .
[2026-04-21T16:59:24.893] [DEBUG] debug-file - Update task entry:default@SyscapTransform input file:D:\2\DevEco Studio\sdk\default\openharmony\toolchains\syscap_tool.exe cache by regenerate.
[2026-04-21T16:59:24.894] [DEBUG] debug-file - Update task entry:default@SyscapTransform input file:D:\2\DevEco Studio\sdk\default\openharmony\ets\api\device-define cache by regenerate.
[2026-04-21T16:59:24.896] [DEBUG] debug-file - Update task entry:default@SyscapTransform output file:D:\code\DecodePlayControl-master\entry\build\default\intermediates\syscap\default\rpcid.sc cache.
[2026-04-21T16:59:24.896] [DEBUG] debug-file - Incremental task entry:default@SyscapTransform post-execution cost:3 ms .
[2026-04-21T16:59:24.896] [DEBUG] debug-file - Update task entry:default@GeneratePkgContextInfo output file:D:\code\DecodePlayControl-master\entry\build\default\intermediates\loader\default\pkgContextInfo.json cache.
[2026-04-21T16:59:24.897] [DEBUG] debug-file - Incremental task entry:default@GeneratePkgContextInfo post-execution cost:1 ms .
[2026-04-21T16:59:24.897] [DEBUG] debug-file - Update task entry:default@ProcessProfile input file:D:\code\DecodePlayControl-master\entry\build\default\intermediates\merge_profile\default\module.json cache by regenerate.
[2026-04-21T16:59:24.897] [DEBUG] debug-file - Update task entry:default@ProcessProfile output file:D:\code\DecodePlayControl-master\entry\build\default\intermediates\process_profile\default\module.json cache.
[2026-04-21T16:59:24.897] [DEBUG] debug-file - Incremental task entry:default@ProcessProfile post-execution cost:1 ms .
[2026-04-21T16:59:24.898] [DEBUG] debug-file - Update task entry:default@ProcessRouterMap input file:D:\code\DecodePlayControl-master\entry\oh-package.json5 cache by regenerate.
[2026-04-21T16:59:24.898] [DEBUG] debug-file - Update task entry:default@ProcessRouterMap input file:D:\code\DecodePlayControl-master\oh-package.json5 cache by regenerate.
[2026-04-21T16:59:24.899] [DEBUG] debug-file - Update task entry:default@ProcessRouterMap input file:D:\code\DecodePlayControl-master\entry\src\main\module.json5 cache by regenerate.
[2026-04-21T16:59:24.899] [DEBUG] debug-file - Update task entry:default@ProcessRouterMap input file:D:\code\DecodePlayControl-master\entry\build\default\intermediates\loader\default\pkgContextInfo.json cache by regenerate.
[2026-04-21T16:59:24.899] [DEBUG] debug-file - Update task entry:default@ProcessRouterMap output file:D:\code\DecodePlayControl-master\entry\build\default\intermediates\router_map\default\temp-router-map.json cache.
[2026-04-21T16:59:24.900] [DEBUG] debug-file - Update task entry:default@ProcessRouterMap output file:D:\code\DecodePlayControl-master\entry\build\default\intermediates\router_map\default\loader-router-map.json cache.
[2026-04-21T16:59:24.900] [DEBUG] debug-file - Incremental task entry:default@ProcessRouterMap post-execution cost:3 ms .
[2026-04-21T16:59:24.900] [DEBUG] debug-file - Update task entry:default@ProcessShareConfig input file:D:\code\DecodePlayControl-master\entry\oh-package.json5 cache by regenerate.
[2026-04-21T16:59:24.901] [DEBUG] debug-file - Update task entry:default@ProcessShareConfig input file:D:\code\DecodePlayControl-master\oh-package.json5 cache by regenerate.
[2026-04-21T16:59:24.901] [DEBUG] debug-file - Update task entry:default@ProcessShareConfig input file:D:\code\DecodePlayControl-master\entry\src\main\module.json5 cache by regenerate.
[2026-04-21T16:59:24.901] [DEBUG] debug-file - Update task entry:default@ProcessShareConfig input file:D:\code\DecodePlayControl-master\entry\build\default\intermediates\loader\default\pkgContextInfo.json cache by regenerate.
[2026-04-21T16:59:24.902] [DEBUG] debug-file - Update task entry:default@ProcessShareConfig output file:D:\code\DecodePlayControl-master\entry\build\default\intermediates\share_config\default\temp-share-config.json cache.
[2026-04-21T16:59:24.902] [DEBUG] debug-file - Incremental task entry:default@ProcessShareConfig post-execution cost:2 ms .
[2026-04-21T16:59:24.902] [DEBUG] debug-file - Update task entry:default@ProcessStartupConfig input file:D:\code\DecodePlayControl-master\entry\build\default\intermediates\loader\default\pkgContextInfo.json cache by regenerate.
[2026-04-21T16:59:24.903] [DEBUG] debug-file - Update task entry:default@ProcessStartupConfig output file:D:\code\DecodePlayControl-master\entry\build\default\intermediates\startup\default\startup_config.json cache.
[2026-04-21T16:59:24.904] [DEBUG] debug-file - Incremental task entry:default@ProcessStartupConfig post-execution cost:2 ms .
[2026-04-21T16:59:24.904] [DEBUG] debug-file - Update task entry:default@ProcessResource output file:D:\code\DecodePlayControl-master\entry\build\default\intermediates\res\default\resConfig.json cache.
[2026-04-21T16:59:24.904] [DEBUG] debug-file - Update task entry:default@ProcessResource output file:D:\code\DecodePlayControl-master\entry\build\default\intermediates\res\default\opt-compression.json cache.
[2026-04-21T16:59:24.904] [DEBUG] debug-file - Incremental task entry:default@ProcessResource post-execution cost:1 ms .
[2026-04-21T16:59:24.905] [DEBUG] debug-file - Update task entry:default@GenerateLoaderJson input file:D:\code\DecodePlayControl-master\entry\build\default\intermediates\loader\default\pkgContextInfo.json cache by regenerate.
[2026-04-21T16:59:24.906] [DEBUG] debug-file - Update task entry:default@GenerateLoaderJson input file:D:\code\DecodePlayControl-master\entry\build\default\intermediates\router_map\default\temp-router-map.json cache by regenerate.
[2026-04-21T16:59:24.906] [DEBUG] debug-file - Update task entry:default@GenerateLoaderJson output file:D:\code\DecodePlayControl-master\entry\build\default\intermediates\loader\default\loader.json cache.
[2026-04-21T16:59:24.906] [DEBUG] debug-file - Incremental task entry:default@GenerateLoaderJson post-execution cost:2 ms .
[2026-04-21T16:59:24.907] [DEBUG] debug-file - Update task entry:default@CompileResource input file:D:\code\DecodePlayControl-master\entry\src\main\resources cache by regenerate.
[2026-04-21T16:59:24.915] [DEBUG] debug-file - Update task entry:default@CompileResource input file:D:\code\DecodePlayControl-master\AppScope\resources cache by regenerate.
[2026-04-21T16:59:24.917] [DEBUG] debug-file - Update task entry:default@CompileResource input file:D:\code\DecodePlayControl-master\entry\build\default\intermediates\process_profile\default\module.json cache by regenerate.
[2026-04-21T16:59:24.918] [DEBUG] debug-file - Update task entry:default@CompileResource input file:D:\code\DecodePlayControl-master\entry\build\default\intermediates\res\default\resConfig.json cache by regenerate.
[2026-04-21T16:59:24.918] [DEBUG] debug-file - Update task entry:default@CompileResource output file:D:\code\DecodePlayControl-master\entry\build\default\intermediates\res\default cache.
[2026-04-21T16:59:24.927] [DEBUG] debug-file - Update task entry:default@CompileResource output file:D:\code\DecodePlayControl-master\entry\build\default\generated\r\default\ResourceTable.h cache.
[2026-04-21T16:59:24.927] [DEBUG] debug-file - Update task entry:default@CompileResource output file:D:\code\DecodePlayControl-master\entry\build\default\generated\r\default cache.
[2026-04-21T16:59:24.928] [DEBUG] debug-file - Incremental task entry:default@CompileResource post-execution cost:22 ms .
[2026-04-21T16:59:24.928] [DEBUG] debug-file - Update task entry:default@ProcessLibs input file:D:\code\DecodePlayControl-master\build-profile.json5 cache by regenerate.
[2026-04-21T16:59:24.929] [DEBUG] debug-file - Update task entry:default@ProcessLibs input file:D:\code\DecodePlayControl-master\entry\build-profile.json5 cache by regenerate.
[2026-04-21T16:59:24.929] [DEBUG] debug-file - Update task entry:default@ProcessLibs output file:D:\code\DecodePlayControl-master\entry\build\default\intermediates\libs\default cache.
[2026-04-21T16:59:24.931] [DEBUG] debug-file - Incremental task entry:default@ProcessLibs post-execution cost:3 ms .
[2026-04-21T16:59:24.931] [DEBUG] debug-file - Update task entry:default@DoNativeStrip input file:D:\code\DecodePlayControl-master\entry\build\default\intermediates\libs\default cache by regenerate.
[2026-04-21T16:59:24.933] [DEBUG] debug-file - Update task entry:default@DoNativeStrip output file:D:\code\DecodePlayControl-master\entry\build\default\intermediates\stripped_native_libs\default cache.
[2026-04-21T16:59:24.935] [DEBUG] debug-file - Incremental task entry:default@DoNativeStrip post-execution cost:5 ms .
[2026-04-21T16:59:24.937] [DEBUG] debug-file - Update task entry:default@CompileArkTS input file:D:\code\DecodePlayControl-master\entry\build\default\intermediates\loader\default cache by regenerate.
[2026-04-21T16:59:24.938] [DEBUG] debug-file - Update task entry:default@CompileArkTS input file:D:\code\DecodePlayControl-master\entry\build\default\intermediates\res\default\resources\rawfile cache by regenerate.
[2026-04-21T16:59:24.939] [DEBUG] debug-file - Update task entry:default@CompileArkTS input file:D:\code\DecodePlayControl-master\entry\build\default\intermediates\res\default\ResourceTable.txt cache by regenerate.
[2026-04-21T16:59:24.939] [DEBUG] debug-file - Update task entry:default@CompileArkTS input file:D:\code\DecodePlayControl-master\entry\build\default\intermediates\res\default\ark_module.json cache by regenerate.
[2026-04-21T16:59:24.940] [DEBUG] debug-file - Update task entry:default@CompileArkTS input file:D:\code\DecodePlayControl-master\entry\build\default\intermediates\res\default\resources\base\profile cache by regenerate.
[2026-04-21T16:59:24.941] [DEBUG] debug-file - Update task entry:default@CompileArkTS input file:D:\code\DecodePlayControl-master\entry\src\main\ets cache by regenerate.
[2026-04-21T16:59:24.944] [DEBUG] debug-file - Update task entry:default@CompileArkTS input file:D:\code\DecodePlayControl-master\entry\build\default\intermediates\loader\default\pkgContextInfo.json cache by regenerate.
[2026-04-21T16:59:24.945] [DEBUG] debug-file - Update task entry:default@CompileArkTS input file:D:\code\DecodePlayControl-master\entry\build\default\generated\profile\default\BuildProfile.ets cache by regenerate.
[2026-04-21T16:59:24.945] [DEBUG] debug-file - Update task entry:default@CompileArkTS input file:D:\code\DecodePlayControl-master\entry\src\main\cpp\types cache by regenerate.
[2026-04-21T16:59:24.947] [DEBUG] debug-file - Update task entry:default@CompileArkTS output file:D:\code\DecodePlayControl-master\entry\build\default\intermediates\loader_out\default\ets cache.
[2026-04-21T16:59:24.947] [DEBUG] debug-file - Incremental task entry:default@CompileArkTS post-execution cost:12 ms .
[2026-04-21T16:59:24.949] [DEBUG] debug-file - Update task entry:default@BuildJS input file:D:\code\DecodePlayControl-master\entry\build\default\intermediates\loader\default cache by regenerate.
[2026-04-21T16:59:24.950] [DEBUG] debug-file - Update task entry:default@BuildJS input file:D:\code\DecodePlayControl-master\entry\build\default\intermediates\res\default\resources\rawfile cache by regenerate.
[2026-04-21T16:59:24.951] [DEBUG] debug-file - Update task entry:default@BuildJS input file:D:\code\DecodePlayControl-master\entry\build\default\intermediates\res\default\ResourceTable.txt cache by regenerate.
[2026-04-21T16:59:24.951] [DEBUG] debug-file - Update task entry:default@BuildJS input file:D:\code\DecodePlayControl-master\entry\build\default\intermediates\res\default\ark_module.json cache by regenerate.
[2026-04-21T16:59:24.951] [DEBUG] debug-file - Update task entry:default@BuildJS input file:D:\code\DecodePlayControl-master\entry\build\default\intermediates\res\default\resources\base\profile cache by regenerate.
[2026-04-21T16:59:24.952] [DEBUG] debug-file - Update task entry:default@BuildJS input file:D:\code\DecodePlayControl-master\entry\build\default\intermediates\loader\default\pkgContextInfo.json cache by regenerate.
[2026-04-21T16:59:24.952] [DEBUG] debug-file - Update task entry:default@BuildJS output file:D:\code\DecodePlayControl-master\entry\build\default\intermediates\loader_out\default\js cache.
[2026-04-21T16:59:24.953] [DEBUG] debug-file - Incremental task entry:default@BuildJS post-execution cost:6 ms .
[2026-04-21T16:59:24.953] [DEBUG] debug-file - Update task entry:default@CacheNativeLibs input file:D:\code\DecodePlayControl-master\entry\build\default\intermediates\stripped_native_libs\default cache by regenerate.
[2026-04-21T16:59:24.954] [DEBUG] debug-file - Update task entry:default@CacheNativeLibs input file:D:\code\DecodePlayControl-master\entry\build\default\intermediates\libs\default cache by regenerate.
[2026-04-21T16:59:24.956] [DEBUG] debug-file - Update task entry:default@CacheNativeLibs output file:D:\code\DecodePlayControl-master\entry\build\default\intermediates\patch\default\base_native_libs.json cache.
[2026-04-21T16:59:24.956] [DEBUG] debug-file - Incremental task entry:default@CacheNativeLibs post-execution cost:4 ms .
[2026-04-21T16:59:24.957] [DEBUG] debug-file - Update task entry:default@GeneratePkgModuleJson input file:D:\code\DecodePlayControl-master\entry\build\default\intermediates\res\default\module.json cache by regenerate.
[2026-04-21T16:59:24.957] [DEBUG] debug-file - Update task entry:default@GeneratePkgModuleJson output file:D:\code\DecodePlayControl-master\entry\build\default\intermediates\package\default\module.json cache.
[2026-04-21T16:59:24.957] [DEBUG] debug-file - Incremental task entry:default@GeneratePkgModuleJson post-execution cost:1 ms .
[2026-04-21T16:59:24.957] [DEBUG] debug-file - Incremental task entry:default@ProcessCompiledResources post-execution cost:1 ms .
[2026-04-21T16:59:24.958] [DEBUG] debug-file - Update task entry:default@PackageHap input file:D:\code\DecodePlayControl-master\entry\build\default\intermediates\stripped_native_libs\default cache by regenerate.
[2026-04-21T16:59:24.960] [DEBUG] debug-file - Update task entry:default@PackageHap input file:D:\code\DecodePlayControl-master\entry\build\default\intermediates\res\default\module.json cache by regenerate.
[2026-04-21T16:59:24.960] [DEBUG] debug-file - Update task entry:default@PackageHap input file:D:\code\DecodePlayControl-master\entry\build\default\intermediates\res\default\resources cache by regenerate.
[2026-04-21T16:59:24.966] [DEBUG] debug-file - Update task entry:default@PackageHap input file:D:\code\DecodePlayControl-master\entry\build\default\intermediates\res\default\resources.index cache by regenerate.
[2026-04-21T16:59:24.966] [DEBUG] debug-file - Update task entry:default@PackageHap input file:D:\code\DecodePlayControl-master\entry\build\default\outputs\default\pack.info cache by regenerate.
[2026-04-21T16:59:24.967] [DEBUG] debug-file - Update task entry:default@PackageHap input file:D:\code\DecodePlayControl-master\entry\build\default\intermediates\loader_out\default\ets cache by regenerate.
[2026-04-21T16:59:24.967] [DEBUG] debug-file - Update task entry:default@PackageHap input file:D:\code\DecodePlayControl-master\entry\build\default\intermediates\loader\default\pkgContextInfo.json cache by regenerate.
[2026-04-21T16:59:24.968] [DEBUG] debug-file - Update task entry:default@PackageHap input file:D:\code\DecodePlayControl-master\entry\build\default\intermediates\loader_out\default\ets\sourceMaps.map cache by regenerate.
[2026-04-21T16:59:24.968] [DEBUG] debug-file - Update task entry:default@PackageHap input file:D:\code\DecodePlayControl-master\entry\build\default\generated\profile\default\BuildProfile.ets cache by regenerate.
[2026-04-21T16:59:24.968] [DEBUG] debug-file - Update task entry:default@PackageHap output file:D:\code\DecodePlayControl-master\entry\build\default\outputs\default\entry-default-unsigned.hap cache.
[2026-04-21T16:59:24.969] [DEBUG] debug-file - Update task entry:default@PackageHap output file:D:\code\DecodePlayControl-master\entry\build\default\intermediates\source_map\default\sourceMaps.map cache.
[2026-04-21T16:59:24.969] [DEBUG] debug-file - Update task entry:default@PackageHap output file:D:\code\DecodePlayControl-master\entry\build\default\outputs\default\mapping\sourceMaps.map cache.
[2026-04-21T16:59:24.969] [DEBUG] debug-file - Incremental task entry:default@PackageHap post-execution cost:13 ms .
[2026-04-21T16:59:24.970] [DEBUG] debug-file - Update task entry:default@SignHap input file:D:\code\DecodePlayControl-master\entry\build\default\outputs\default\entry-default-unsigned.hap cache by regenerate.
[2026-04-21T16:59:24.970] [DEBUG] debug-file - Update task entry:default@SignHap output file:D:\code\DecodePlayControl-master\entry\build\default\outputs\default\entry-default-signed.hap cache.
[2026-04-21T16:59:24.970] [DEBUG] debug-file - Incremental task entry:default@SignHap post-execution cost:1 ms .
[2026-04-21T16:59:24.971] [DEBUG] debug-file - Update task entry:default@CollectDebugSymbol input file:D:\code\DecodePlayControl-master\entry\build\default\intermediates\loader_out\default\ets\sourceMaps.map cache by regenerate.
[2026-04-21T16:59:24.971] [DEBUG] debug-file - Update task entry:default@CollectDebugSymbol input file:D:\code\DecodePlayControl-master\entry\build\default\intermediates\libs\default cache by regenerate.
[2026-04-21T16:59:24.973] [DEBUG] debug-file - Update task entry:default@CollectDebugSymbol output file:D:\code\DecodePlayControl-master\entry\build\default\outputs\default\symbol cache.
[2026-04-21T16:59:24.973] [DEBUG] debug-file - Incremental task entry:default@CollectDebugSymbol post-execution cost:3 ms .
[2026-04-21T16:59:25.003] [DEBUG] debug-file - hvigor build process will be closed.
[2026-04-21T16:59:25.003] [DEBUG] debug-file - java daemon socket close code:1000 reason:close by user
[2026-04-21T16:59:25.009] [DEBUG] debug-file - session manager: send message to worker process.
[2026-04-21T16:59:25.010] [DEBUG] debug-file - session manager: send message to worker process.
[2026-04-21T16:59:25.010] [DEBUG] debug-file - watch worker: worker id should be larger than 0. Nothing will be sent to any worker thread.
[2026-04-21T16:59:25.011] [DEBUG] debug-file - watch worker: worker id should be larger than 0. Nothing will be sent to any worker thread.
[2026-04-27T23:49:00.537] [DEBUG] debug-file - env: nodejsVersion=v18.20.1
[2026-04-27T23:49:00.606] [DEBUG] debug-file - env: daemon=true
[2026-04-27T23:49:00.538] [DEBUG] debug-file - env: hvigor-config.json5 content = {
  modelVersion: '6.0.2',
  dependencies: {},
  execution: {},
  logging: {},
  debugging: {},
  nodeOptions: {}
}
[2026-04-27T23:49:01.378] [DEBUG] debug-file - java daemon tryConnect failed Error: connect ECONNREFUSED 127.0.0.1:45050
[2026-04-27T23:49:01.390] [DEBUG] debug-file - java daemon started at port 45050 pid 22556
[2026-04-27T23:49:01.410] [DEBUG] debug-file - session manager: set active socket. socketId=CwTLOneGHGKsXOAhAAAB
[2026-04-27T23:49:02.110] [DEBUG] debug-file - watch worker: worker id should be larger than 0. Nothing will be sent to any worker thread.
[2026-04-27T23:49:02.114] [DEBUG] debug-file - Since there is no instance or instance is terminated, create a new worker pool.
[2026-04-27T23:49:02.114] [DEBUG] debug-file - Worker pool is initialized with config:  {
  minPoolNum: 2,
  maxPoolNum: undefined,
  maxCoreSize: undefined,
  cacheCapacity: undefined,
  cacheTtl: undefined
}
[2026-04-27T23:49:02.116] [DEBUG] debug-file - Create  resident worker with id: 0.
[2026-04-27T23:49:02.118] [DEBUG] debug-file - Create  resident worker with id: 1.
[2026-04-27T23:49:02.120] [DEBUG] debug-file - Workers' log level updated to INFO
[2026-04-27T23:49:02.126] [DEBUG] debug-file - Hvigor init with startParameters:{
  hvigorfileTypeCheck: false,
  parallelExecution: true,
  incrementalExecution: true,
  printStackTrace: false,
  daemon: true,
  analyze: 0,
  logLevel: Level { level: 20000, levelStr: 'INFO', colour: 'green' },
  optimizationStrategy: 'memory',
  hotCompile: undefined,
  hotReloadBuild: undefined,
  customizedParam: undefined
}
[2026-04-27T23:49:02.131] [DEBUG] debug-file - Cache service initialization finished in 4 ms 
[2026-04-27T23:49:02.132] [DEBUG] debug-file - hvigorfile, resolving D:\code\DecodePlayControl-master\hvigorfile.ts
[2026-04-27T23:49:04.233] [DEBUG] debug-file - hvigorfile, require result:  { default: { plugins: [] } }
[2026-04-27T23:49:04.234] [DEBUG] debug-file - hvigorfile, binding system plugins null
[2026-04-27T23:49:04.234] [DEBUG] debug-file - Starting plugin build process
[2026-04-27T23:49:04.234] [DEBUG] debug-file - App plugin prepare start...
[2026-04-27T23:49:04.235] [DEBUG] debug-file - App plugin prepare end...
[2026-04-27T23:49:04.235] [DEBUG] debug-file - App plugin creating...
[2026-04-27T23:49:04.373] [DEBUG] debug-file - App plugin register hook start...
[2026-04-27T23:49:04.374] [DEBUG] debug-file - App plugin register hook end...
[2026-04-27T23:49:04.374] [DEBUG] debug-file - Plugin build process completed
[2026-04-27T23:49:04.375] [DEBUG] debug-file - Start initialize project's product build option map with build mode debug.
[2026-04-27T23:49:04.375] [DEBUG] debug-file - Picking option from product 'default' with build mode 'debug'.
[2026-04-27T23:49:04.375] [DEBUG] debug-file - Product 'default' build option initialized
[2026-04-27T23:49:04.376] [DEBUG] debug-file - End initialize project's product build option map with build mode 'debug'.
[2026-04-27T23:49:04.377] [DEBUG] debug-file - Obtain build option for product 'default'in this build.
[2026-04-27T23:49:04.378] [DEBUG] debug-file - not found resModel json file in : D:\code\DecodePlayControl-master\entry\src\ohosTest\module.json5
[2026-04-27T23:49:04.384] [DEBUG] debug-file - No signingConfig found, initRemoteHspCache failed.
[2026-04-27T23:49:04.386] [DEBUG] debug-file - Local scan or download HarmonyOS sdk components toolchains,ets,js,native,previewer
[2026-04-27T23:49:04.391] [DEBUG] debug-file - Local scan or download hmscore sdk components toolchains,ets,native
[2026-04-27T23:49:04.393] [DEBUG] debug-file - Start recording SDK configuration permission data.
[2026-04-27T23:49:04.419] [DEBUG] debug-file - Sdk init in 34 ms 
[2026-04-27T23:49:04.423] [DEBUG] debug-file - Project task initialization takes 4 ms 
[2026-04-27T23:49:04.423] [DEBUG] debug-file - hvigorfile, binding custom plugins []
[2026-04-27T23:49:04.423] [DEBUG] debug-file - hvigorfile, no custom plugins were found in D:\code\DecodePlayControl-master\hvigorfile.ts
[2026-04-27T23:49:04.423] [DEBUG] debug-file - hvigorfile, resolve finished D:\code\DecodePlayControl-master\hvigorfile.ts
[2026-04-27T23:49:04.424] [DEBUG] debug-file - hvigorfile, resolving D:\code\DecodePlayControl-master\entry\hvigorfile.ts
[2026-04-27T23:49:04.430] [DEBUG] debug-file - hvigorfile, require result:  { default: { plugins: [] } }
[2026-04-27T23:49:04.430] [DEBUG] debug-file - hvigorfile, binding system plugins null
[2026-04-27T23:49:04.430] [DEBUG] debug-file - Starting plugin build process
[2026-04-27T23:49:04.430] [DEBUG] debug-file - Hap plugin creating...
[2026-04-27T23:49:04.431] [DEBUG] debug-file - failed to load cangjie to dynamically generate schemas: Error: Cannot find module '@ohos/cangjie-build-support/index'
Require stack:
- D:\2\DevEco Studio\tools\hvigor\hvigor-ohos-plugin\src\plugin\hooks\cangjie-register.js
- D:\2\DevEco Studio\tools\hvigor\hvigor-ohos-plugin\src\plugin\strategy\stage-init-strategy.js
- D:\2\DevEco Studio\tools\hvigor\hvigor-ohos-plugin\src\plugin\builder\abstract-plugin-builder.js
- D:\2\DevEco Studio\tools\hvigor\hvigor-ohos-plugin\src\plugin\builder\app-plugin-builder.js
- D:\2\DevEco Studio\tools\hvigor\hvigor-ohos-plugin\src\plugin\factory\plugin-factory.js
- D:\2\DevEco Studio\tools\hvigor\hvigor-ohos-plugin\index.js
- D:\code\DecodePlayControl-master\hvigorfile.ts
- D:\2\DevEco Studio\tools\hvigor\hvigor\src\base\internal\lifecycle\configuration.js
- D:\2\DevEco Studio\tools\hvigor\hvigor\src\base\boot\index.js
- D:\2\DevEco Studio\tools\hvigor\hvigor\src\base\daemon\cluster\worker-process-lifecycle.js
- D:\2\DevEco Studio\tools\hvigor\hvigor\src\base\daemon\process\daemon-process-boot-script.js
[2026-04-27T23:49:04.449] [DEBUG] debug-file - Start initialize module-target build option map, moduleName=entry, buildMode=debug
[2026-04-27T23:49:04.450] [DEBUG] debug-file - Target 'default' config initialized
[2026-04-27T23:49:04.450] [DEBUG] debug-file - Target 'ohosTest' config initialized
[2026-04-27T23:49:04.451] [DEBUG] debug-file - Module 'entry' target 'default' build option initialized
[2026-04-27T23:49:04.451] [DEBUG] debug-file - Module 'entry' target 'ohosTest' build option initialized
[2026-04-27T23:49:04.451] [DEBUG] debug-file - End initialize module-target build option map, moduleName=entry
[2026-04-27T23:49:04.451] [DEBUG] debug-file - Start initialize module-target build option map, moduleName=entry, buildMode=release
[2026-04-27T23:49:04.451] [DEBUG] debug-file - Target 'default' config initialized
[2026-04-27T23:49:04.452] [DEBUG] debug-file - Target 'ohosTest' config initialized
[2026-04-27T23:49:04.452] [DEBUG] debug-file - Module 'entry' target 'default' build option initialized
[2026-04-27T23:49:04.452] [DEBUG] debug-file - Module 'entry' target 'ohosTest' build option initialized
[2026-04-27T23:49:04.452] [DEBUG] debug-file - End initialize module-target build option map, moduleName=entry
[2026-04-27T23:49:04.452] [DEBUG] debug-file - Start initialize module-target build option map, moduleName=entry, buildMode=debug
[2026-04-27T23:49:04.452] [DEBUG] debug-file - Target 'default' config initialized
[2026-04-27T23:49:04.452] [DEBUG] debug-file - Target 'ohosTest' config initialized
[2026-04-27T23:49:04.453] [DEBUG] debug-file - Module 'entry' target 'default' build option initialized
[2026-04-27T23:49:04.453] [DEBUG] debug-file - Module 'entry' target 'ohosTest' build option initialized
[2026-04-27T23:49:04.453] [DEBUG] debug-file - End initialize module-target build option map, moduleName=entry
[2026-04-27T23:49:04.453] [DEBUG] debug-file - Obtain build option for module 'entry' target 'default'in this build.
[2026-04-27T23:49:04.458] [DEBUG] debug-file - Module entry task initialization takes 4 ms 
[2026-04-27T23:49:04.458] [DEBUG] debug-file - Hap plugin register hook start...
[2026-04-27T23:49:04.458] [DEBUG] debug-file - Hap plugin register hook end...
[2026-04-27T23:49:04.458] [DEBUG] debug-file - Plugin build process completed
[2026-04-27T23:49:04.458] [DEBUG] debug-file - hvigorfile, binding custom plugins []
[2026-04-27T23:49:04.458] [DEBUG] debug-file - hvigorfile, no custom plugins were found in D:\code\DecodePlayControl-master\entry\hvigorfile.ts
[2026-04-27T23:49:04.458] [DEBUG] debug-file - hvigorfile, resolve finished D:\code\DecodePlayControl-master\entry\hvigorfile.ts
[2026-04-27T23:49:04.477] [DEBUG] debug-file - hvigorfile, resolve hvigorfile dependencies in 19 ms 
[2026-04-27T23:49:04.477] [DEBUG] debug-file - project has submodules:entry
[2026-04-27T23:49:04.479] [DEBUG] debug-file - start to load updatedOhPackageInfo to the disk
[2026-04-27T23:49:04.484] [DEBUG] debug-file - load to the disk finished
[2026-04-27T23:49:04.484] [DEBUG] debug-file - Start to initialize dependency information.
[2026-04-27T23:49:04.486] [DEBUG] debug-file - Module DecodePlayControl-master Collected Dependency: 
[2026-04-27T23:49:04.486] [DEBUG] debug-file - Module DecodePlayControl-master's total dependency: 0
[2026-04-27T23:49:04.487] [DEBUG] debug-file - Start to initialize dependency information.
[2026-04-27T23:49:04.491] [DEBUG] debug-file - Module entry Collected Dependency: D:\code\DecodePlayControl-master\entry\src\main\cpp\types\libplayer
[2026-04-27T23:49:04.491] [DEBUG] debug-file - Module entry's total dependency: 1
[2026-04-27T23:49:04.494] [DEBUG] debug-file - Configuration phase cost:2 s 364 ms 
[2026-04-27T23:49:04.496] [DEBUG] debug-file - Configuration task cost before running: 2 s 375 ms 
[2026-04-27T23:49:04.496] [DEBUG] debug-file - Executing task :entry:init
[2026-04-27T23:49:04.496] [DEBUG] debug-file - entry : init cost memory 0.01645660400390625
[2026-04-27T23:49:04.496] [DEBUG] debug-file - runTaskFromQueue task cost before running: 2 s 376 ms 
[2026-04-27T23:49:04.497] [INFO] debug-file - Finished :entry:init... after 1 ms 
[2026-04-27T23:49:04.497] [DEBUG] debug-file - Executing task ::init
[2026-04-27T23:49:04.497] [DEBUG] debug-file - DecodePlayControl-master : init cost memory 0.01378631591796875
[2026-04-27T23:49:04.497] [DEBUG] debug-file - runTaskFromQueue task cost before running: 2 s 377 ms 
[2026-04-27T23:49:04.497] [INFO] debug-file - Finished ::init... after 1 ms 
[2026-04-27T23:49:04.509] [DEBUG] debug-file - Obtain build option for module 'entry' target 'default'in this build.
[2026-04-27T23:49:04.509] [DEBUG] debug-file - Obtain build option for module 'entry' target 'ohosTest'in this build.
[2026-04-27T23:49:04.513] [DEBUG] debug-file - Cleanup worker 0.
[2026-04-27T23:49:04.513] [DEBUG] debug-file - Worker 0 has been cleaned up.
[2026-04-27T23:49:04.513] [DEBUG] debug-file - Current idle worker size: 1.
[2026-04-27T23:49:04.513] [DEBUG] debug-file - Current resident worker size: 2.
[2026-04-27T23:49:04.513] [DEBUG] debug-file - Cleanup worker 1.
[2026-04-27T23:49:04.513] [DEBUG] debug-file - Worker 1 has been cleaned up.
[2026-04-27T23:49:04.513] [DEBUG] debug-file - Current idle worker size: 0.
[2026-04-27T23:49:04.513] [DEBUG] debug-file - Current resident worker size: 2.
[2026-04-27T23:49:04.514] [DEBUG] debug-file - hvigor build process will be closed.
[2026-04-27T23:49:04.515] [DEBUG] debug-file - session manager: send message to worker process.
[2026-04-27T23:49:04.515] [DEBUG] debug-file - session manager: send message to worker process.
[2026-04-27T23:49:04.516] [DEBUG] debug-file - watch worker: worker id should be larger than 0. Nothing will be sent to any worker thread.
[2026-04-27T23:49:04.516] [DEBUG] debug-file - watch worker: worker id should be larger than 0. Nothing will be sent to any worker thread.
[2026-04-27T23:49:04.518] [DEBUG] debug-file - worker[0] exits with exit code 1.
[2026-04-27T23:49:04.519] [DEBUG] debug-file - worker[1] exits with exit code 1.
